num;id;box;genus;Subgenus;sp;ssp;loc;sex;Hauteur_platine;form;Note
1;EL72409;B0003912;Ornithoptera;-;alexandrae;-;Nouvelle-Guinée (NE);M;80;;
2;EL72410;B0003912;Ornithoptera;-;alexandrae;-;Nouvelle-Guinée (Kokodda);M;80;;
3;EL72411;B0003913;Ornithoptera;-;alexandrae;-;Nouvelle-Guinée (NE);F;89;;
4;EL72412;B0003913;Ornithoptera;-;alexandrae;-;Nouvelle-Guinée (Kokodda);F;89;;
5;EL72413;B0003914;Ornithoptera;-;victoriae;victoriae;Îles Salomon (Guadalcanal);M;75;;
6;EL72414;B0003914;Ornithoptera;-;victoriae;rubianus;Îles Salomon (Ranongga);M;75;;
7;EL72415;B0003914;Ornithoptera;-;victoriae;victoriae;Îles Salomon (Guadalcanal);F;75;;
8;EL72416;B0003914;Ornithoptera;-;victoriae;victoriae;Îles Salomon (Guadalcanal);F;75;;
9;EL72417;B0003915;Ornithoptera;-;aesacus;-;Indonésie (Îles Obi);M;67;;
10;EL72418;B0003915;Ornithoptera;-;aesacus;-;Indonésie (Îles Obi);F;67;;
11;EL72419;B0003915;Ornithoptera;-;priamus;priamus;Indonésie (Ceram);M;67;;
12;EL72420;B0003915;Ornithoptera;-;priamus;priamus;Indonésie (Ceram);M;67;;
13;EL72421;B0003916;Ornithoptera;-;priamus;priamus;Indonésie (Amboine);F;67;;
14;EL72422;B0003916;Ornithoptera;-;priamus;priamus;Indonésie (Amboine);F;70;;
15;EL72423;B0003917;Ornithoptera;-;croesus;croesus;Indonésie (Bacan);M;70;;
16;EL72424;B0003917;Ornithoptera;-;croesus;croesus;Indonésie (Bacan);M;70;;
17;EL72425;B0003918;Ornithoptera;-;croesus;croesus;Indonésie (Bacan);F;70;;
18;EL72426;B0003918;Ornithoptera;-;croesus;croesus;Indonésie (Bacan);F;70;;
19;EL72427;B0003919;Ornithoptera;-;goliath;procus;Indonésie (Ceram);M;85;;
20;EL72428;B0003920;Ornithoptera;-;goliath;supremus;Papouasie-Nouvelle-Guinée;M;85;;
21;EL72429;B0003919;Ornithoptera;-;goliath;procus;Indonésie (Ceram);F;85;;
22;EL72430;B0003920;Ornithoptera;-;goliath;supremus;Papouasie-Nouvelle-Guinée;F;85;;
23;EL72431;B0003921;Ornithoptera;-;rothschildi;-;Nouvelle-Guinée;M;60;;
24;EL72432;B0003921;Ornithoptera;-;rothschildi;-;Nouvelle-Guinée;M;60;;
25;EL72433;B0003921;Ornithoptera;-;rothschildi;-;Nouvelle-Guinée;F;60;;
26;EL72434;B0003921;Ornithoptera;-;rothschildi;-;Nouvelle-Guinée;F;60;;
27;EL72435;B0003922;Ornithoptera;-;chimaera;chimaera;Nouvelle-Guinée;M;70;;
28;EL72436;B0003922;Ornithoptera;-;chimaera;chimaera;Nouvelle-Guinée;M;70;;
29;EL72437;B0003922;Ornithoptera;-;chimaera;chimaera;Nouvelle-Guinée;F;70;;
30;EL72438;B0003922;Ornithoptera;-;chimaera;chimaera;Nouvelle-Guinée;F;70;;
31;EL72439;B0003923;Ornithoptera;-;richmondia;-;Australie;M;55;;
32;EL72440;B0003923;Ornithoptera;-;richmondia;-;Australie;M;55;;
33;EL72441;B0003923;Ornithoptera;-;richmondia;-;Australie;F;55;;
34;EL72442;B0003923;Ornithoptera;-;richmondia;-;NA;F;55;;
35;EL72443;B0003924;Ornithoptera;-;euphorion;-;Australie;M;65;;
36;EL72444;B0003924;Ornithoptera;-;euphorion;-;Australie;M;65;;
37;EL72445;B0003925;Ornithoptera;-;euphorion;-;Australie;F;65;;
38;EL72446;B0003925;Ornithoptera;-;euphorion;-;NA;F;65;;
39;EL72447;B0003926;Ornithoptera;-;goliath;samson;Nouvelle-Guinée;M;75;;
40;EL72448;B0003926;Ornithoptera;-;goliath;samson;Nouvelle-Guinée;M;75;;
41;EL72449;B0003926;Ornithoptera;-;goliath;-;Nouvelle-Guinée;F;75;;
42;EL72450;B0003926;Ornithoptera;-;goliath;-;Nouvelle-Guinée;F;75;;
43;EL72451;B0003927;Ornithoptera;-;tithonus;tithonus;NA;M;75;;
44;EL72452;B0003927;Ornithoptera;-;tithonus;misreniana;Nouvelle-Guinée;M;75;;
45;EL72453;B0003927;Ornithoptera;-;tithonus;misreniana;Nouvelle-Guinée;F;75;;
46;EL72454;B0003927;Ornithoptera;-;tithonus;misreniana;Nouvelle-Guinée;F;75;;
47;EL72455;B0003928;Ornithoptera;-;paradisea;paradisea;Nouvelle-Guinée;M;75;;
48;EL72456;B0003928;Ornithoptera;-;paradisea;paradisea;NA;M;75;;
49;EL72457;B0003928;Ornithoptera;-;paradisea;paradisea;NA;F;75;;
50;EL72458;B0003928;Ornithoptera;-;paradisea;paradisea;Nouvelle-Guinée;F;75;;
51;EL72459;B0003929;Ornithoptera;-;meridionalis;-;Nouvelle-Guinée;F;75;;
52;EL72460;B0003929;Ornithoptera;-;meridionalis;tarunggarensis;Nouvelle-Guinée;M;75;;
53;EL72461;B0003930;Baronia;-;brevicornis;-;Mexique;M;50;;
54;EL72462;B0003930;Baronia;-;brevicornis;-;Mexique;M;50;;
55;EL72463;B0003930;Baronia;-;brevicornis;-;Mexique;F;50;;
56;EL72464;B0003931;Papilio;Princeps;rex;abyssinicana;Ethiopie;M;50;;
57;EL72465;B0003931;Papilio;Princeps;rex;abyssinicana;Ethiopie;M;50;;
58;EL72466;B0003931;Papilio;Princeps;rex;abyssinicana;Ethiopie;F;50;;
59;EL72467;B0003931;Papilio;Princeps;rex;abyssinicana;Ethiopie;F;50;;
60;EL72468;B0003932;Papilio;Princeps;phorcas;phorcas;Côte d'Ivoire;M;50;;
61;EL72469;B0003932;Papilio;Princeps;phorcas;phorcas;Guinée-Equatoriale;M;50;;
62;EL72470;B0003933;Papilio;Princeps;phorcas;phorcas;Sierra-Leone;F;50;;
63;EL72471;B0003933;Papilio;Princeps;phorcas;phorcas;Sierra-Leone;F;50;;
64;EL72472;B0003934;Papilio;Princeps;constantinus;-;Afrique Orientale;Ind;50;;
65;EL72473;B0003934;Papilio;Princeps;constantinus;-;Tanzanie;Ind;50;;
66;EL72474;B0003934;Papilio;Princeps;constantinus;-;Afrique Orientale;Ind;50;;
67;EL72475;B0003934;Papilio;Princeps;constantinus;-;Kenya;Ind;50;;
68;EL72476;B0003935;Papilio;Princeps;meriones;-;Madagascar;M;55;;
69;EL72477;B0003935;Papilio;Princeps;meriones;-;Madagascar;M;55;;
70;EL72478;B0003936;Papilio;Princeps;meriones;-;Madagascar;F;55;;
71;EL72479;B0003936;Papilio;Princeps;meriones;-;Madagascar;F;55;;
72;EL72480;B0003937;Papilio;Princeps;dardanus;dardanus;Côte d'Ivoire;M;60;;
73;EL72481;B0003937;Papilio;Princeps;dardanus;dardanus;Côte d'Ivoire;M;60;;
74;EL72482;B0003938;Papilio;Princeps;dardanus;dardanus;Gabon;F;60;;
75;EL72483;B0003938;Papilio;Princeps;dardanus;dardanus;Congo (RDC);F;60;;
76;EL72484;B0003939;Papilio;Princeps;lormieri;lormieri;Gabon;M;60;;
77;EL72485;B0003939;Papilio;Princeps;lormieri;lormieri;Cameroun;M;60;;
78;EL72486;B0003940;Papilio;Princeps;lormieri;lormieri;Gabon;F;60;;
79;EL72487;B0003940;Papilio;Princeps;lormieri;lormieri;Cameroun;F;60;;
80;EL72488;B0003941;Papilio;Princeps;demodocus;demodocus;Kenya;M;60;;
81;EL72489;B0003941;Papilio;Princeps;demodocus;demodocus;Gabon;M;60;;
82;EL72490;B0003942;Papilio;Princeps;demodocus;demodocus;Gabon;M;60;;
83;EL72491;B0003945;Papilio;Princeps;demodocus;demodocus;Gabon;M;60;;
84;EL72492;B0003945;Papilio;Princeps;demodocus;demodocus;Kenya;M;60;;
85;EL72493;B0003943;Papilio;Princeps;demodocus;demodocus;Guinée Equatoriale;F;60;;
86;EL72494;B0003943;Papilio;Princeps;demodocus;demodocus;Guinée Equatoriale;F;60;;
87;EL72495;B0003943;Papilio;Princeps;demodocus;demodocus;Guinée Equatoriale;F;60;;
88;EL72496;B0003944;Papilio;Princeps;demodocus;demodocus;Gabon;F;60;;
89;EL72497;B0003944;Papilio;Princeps;demodocus;demodocus;Nigeria;F;60;;
90;EL72358;B0003903;Iphiclides;-;feisthamelii;lotteri;Maroc;M;60;;
91;EL72359;B0003903;Iphiclides;-;feisthamelii;lotteri;Tunisie;F;60;;
92;EL72360;B0003903;Iphiclides;-;feisthamelii;lotteri;Asie Mineure;F;60;;
93;EL72361;B0003904;Iphiclides;-;feisthamelii;lotteri;Algérie;F;60;;
94;EL72362;B0003904;Iphiclides;-;feisthamelii;lotteri;Algérie;F;60;;
95;EL72363;B0003905;Iphiclides;-;feisthamelii;feisthamelii;Pyrénnées-Orientales;F;60;;
96;EL72364;B0003906;Iphiclides;-;feisthamelii;feisthamelii;Espagne;M;60;;
97;EL72365;B0003906;Iphiclides;-;feisthamelii;feisthamelii;Portugal;M;60;;
98;EL72366;B0003907;Iphiclides;-;feisthamelii;feisthamelii;Aude;M;60;;
99;EL72367;B0003907;Iphiclides;-;feisthamelii;feisthamelii;Aude;M;60;;
100;EL72368;B0003240;Iphiclides;-;podalirius;pseudopersica;Guard;M;60;;
101;EL72369;B0003240;Iphiclides;-;podalirius;pseudopersica;Guard;M;60;;
102;EL72370;B0003240;Iphiclides;-;podalirius;pseudopersica;Hautes-Alpes;M;60;;
103;EL72371;B0003240;Iphiclides;-;podalirius;pseudopersica;Corse;M;60;;
104;EL72372;B0003242;Iphiclides;-;podalirius;pseudopersica;Hérault;M;60;;
105;EL72373;B0003908;Iphiclides;-;podalirius;intermedia;Italie;M;60;;
106;EL72374;B0003908;Iphiclides;-;podalirius;intermedia;Italie;M;60;;
107;EL72375;B0003908;Iphiclides;-;podalirius;intermedia;Italie;M;60;;
108;EL72376;B0003908;Iphiclides;-;podalirius;intermedia;Italie;M;60;;
109;EL72377;B0003908;Iphiclides;-;podalirius;intermedia;Italie;F;60;;
110;EL72378;B0003908;Iphiclides;-;podalirius;zanclaeus;Italie;F;60;;
111;EL72379;B0003908;Iphiclides;-;podalirius;zanclaeus;Sicille;M;60;;
112;EL72380;B0003908;Iphiclides;-;podalirius;zanclaeus;Sicille;M;60;;
113;EL72381;B0003908;Iphiclides;-;podalirius;zanclaeus;Sicille;M;60;;
114;EL72382;B0003910;Iphiclides;-;podalirius;zanclaeus;Croatie;M;60;;
115;EL72383;B0003908;Iphiclides;-;podalirius;creta;Grèce;M;60;;
116;EL72384;B0003908;Iphiclides;-;podalirius;creta;Grèce;M;60;;
117;EL72385;B0003908;Iphiclides;-;podalirius;creta;Grèce;F;60;;
118;EL72386;B0003908;Iphiclides;-;podalirius;creta;Grèce;M;60;;
119;EL72387;B0003908;Iphiclides;-;podalirius;creta;Grèce;F;60;;
120;EL72388;B0003909;Iphiclides;-;podalirius;vadesiaca;Suisse;M;60;;
121;EL72389;B0003909;Iphiclides;-;podalirius;vadesiaca;Suisse;M;60;;
122;EL72390;B0003909;Iphiclides;-;podalirius;vadesiaca;Suisse;F;60;;
123;EL72391;B0003909;Iphiclides;-;podalirius;vadesiaca;Suisse;F;60;;
124;EL72392;B0003909;Iphiclides;-;podalirius;vadesiaca;Suisse;F;60;;
125;EL72393;B0003910;Iphiclides;-;podalirius;elongata;Hongrie;M;60;;
126;EL72394;B0003910;Iphiclides;-;podalirius;elongata;Hongrie;F;60;;
127;EL72395;B0003910;Iphiclides;-;podalirius;elongata;Hongrie;F;60;;
128;EL72396;B0003911;Iphiclides;-;podalirius;centralasiae;Azerbaidjan;F;60;;
129;EL72397;B0003911;Iphiclides;-;podalirius;centralasiae;Crimée;M;60;;
130;EL72398;B0003911;Iphiclides;-;podalirius;centralasiae;Caucase;F;60;;
131;EL72399;B0003911;Iphiclides;-;podalirius;centralasiae;Ourale;M;60;;
132;EL72400;B0003911;Iphiclides;-;podalirius;centralasiae;Ourale;F;60;;
133;EL72401;B0003911;Iphiclides;-;podalirius;flaccidus;Russie;M;60;;
134;EL72402;B0003911;Iphiclides;-;podalirius;juldusa;Turkestan;F;60;;
135;EL72403;B0003911;Iphiclides;-;podalirius;juldusa;Turkestan;F;60;;
136;EL72404;B0003241;Iphiclides;-;podalirius;flammaeus;Nièvre;M;60;;
137;EL72405;B0003238;Iphiclides;-;podalirius;flammaeus;Isère;F;60;;
138;EL72406;B0003237;Iphiclides;-;podalirius;flammaeus;Ile-de-France;M;60;;
139;EL72407;B0003233;Iphiclides;-;podalirius;flammaeus;Indre-et-Loire;M;60;;
140;EL72408;B0003233;Iphiclides;-;podalirius;flammaeus;Vendée;M;60;;
141;EL72498;B0003946;Papilio;Princeps;delalandei;-;Madagascar;M;60;;
142;EL72499;B0003946;Papilio;Princeps;delalandei;-;Madagascar;M;60;;
143;EL72500;B0003947;Papilio;Princeps;delalandei;-;Madagascar;F;60;;
144;EL72501;B0003947;Papilio;Princeps;delalandei;-;Madagascar;F;60;;
145;EL72502;B0003948;Papilio;Princeps;erithonioides;-;Madagascar;M;60;;
146;EL72503;B0003948;Papilio;Princeps;erithonioides;-;Madagascar;M;60;;
147;EL72504;B0003948;Papilio;Princeps;erithonioides;-;Madagascar;M;60;;
148;EL72505;B0003948;Papilio;Princeps;erithonioides;-;Madagascar;M;60;;
149;EL72506;B0003948;Papilio;Princeps;erithonioides;-;Madagascar;M;60;;
150;EL72507;B0003949;Papilio;Princeps;demoleus;demoleus;Laos;M;60;;
151;EL72508;B0003949;Papilio;Princeps;demoleus;demoleus;Laos;F;60;;
152;EL72509;B0003949;Papilio;Princeps;demoleus;demoleus;Laos;M;60;;
153;EL72510;B0003949;Papilio;Princeps;demoleus;demoleus;Laos;F;60;;
154;EL72511;B0004500;Papilio;Princeps;demoleus;demoleus;Sri Lanka;M;60;;
155;EL72512;B0004500;Papilio;Princeps;demoleus;demoleus;Taiwan;F;60;;
156;EL72513;B0004500;Papilio;Princeps;demoleus;demoleus;Thaïlande;M;60;;
157;EL72514;B0004501;Papilio;Princeps;demoleus;demoleus;Vietnam;F;60;;
158;EL72515;B0004502;Papilio;Princeps;demoleus;demoleus;Chine;F;60;;
159;EL72516;B0004502;Papilio;Princeps;demoleus;demoleus;Chine;M;60;;
160;EL72517;B0004503;Papilio;Princeps;grosesmithi;-;Madagascar;M;60;;
161;EL72518;B0004503;Papilio;Princeps;grosesmithi;-;Madagascar;F;60;;
162;EL72519;B0004503;Papilio;Princeps;grosesmithi;-;Madagascar;F;60;;
163;EL72520;B0004503;Papilio;Princeps;grosesmithi;-;Madagascar;F;60;;
164;EL72521;B0004503;Papilio;Princeps;grosesmithi;-;Madagascar;M;60;;
165;EL72522;B0004503;Papilio;Princeps;grosesmithi;-;Madagascar;M;60;;
166;EL72523;B0004503;Papilio;Princeps;grosesmithi;-;Madagascar;F;60;;
167;EL72524;B0004503;Papilio;Princeps;grosesmithi;-;Madagascar;M;60;;
168;EL72525;B0004503;Papilio;Princeps;grosesmithi;-;Madagascar;M;60;;
169;EL72526;B0004503;Papilio;Princeps;grosesmithi;-;Madagascar;F;60;;
170;EL72527;B0004504;Papilio;Princeps;morondavana;-;Madagascar;M;60;;
171;EL72528;B0004504;Papilio;Princeps;morondavana;-;Madagascar;M;60;;
172;EL72529;B0004504;Papilio;Princeps;morondavana;-;Madagascar;M;60;;
173;EL72530;B0004504;Papilio;Princeps;morondavana;-;Madagascar;F;60;;
174;EL72531;B0004504;Papilio;Princeps;morondavana;-;Madagascar;F;60;;
175;EL72532;B0004504;Papilio;Princeps;morondavana;-;Madagascar;M;60;;
176;EL72533;B0004504;Papilio;Princeps;morondavana;-;Madagascar;M;60;;
177;EL72534;B0004504;Papilio;Princeps;morondavana;-;Madagascar;F;60;;
178;EL72535;B0004504;Papilio;Princeps;morondavana;-;Madagascar;F;60;;
179;EL72536;B0004505;Papilio;Princeps;epiphorbas;-;Madagascar;M;60;;
180;EL72537;B0004505;Papilio;Princeps;epiphorbas;-;Madagascar;M;60;;
181;EL72538;B0004506;Papilio;Princeps;epiphorbas;-;Madagascar;F;60;;
182;EL72539;B0004506;Papilio;Princeps;epiphorbas;-;Madagascar;F;60;;
183;EL72540;B0004507;Papilio;Princeps;nobilis;nobilis;Ouganda;M;60;;
184;EL72541;B0004507;Papilio;Princeps;nobilis;nobilis;Kenya;M;60;;
185;EL72542;B0004508;Papilio;Princeps;nobilis;nobilis;Afrique Orientale;F;60;;
186;EL72543;B0004508;Papilio;Princeps;nobilis;nobilis;Kenya;F;60;;
187;EL72544;B0004509;Papilio;Princeps;oribazus;-;Madagascar;M;60;;
188;EL72545;B0004509;Papilio;Princeps;oribazus;-;Madagascar;M;60;;
189;EL72546;B0004510;Papilio;Princeps;oribazus;-;Madagascar;F;60;;
190;EL72547;B0004510;Papilio;Princeps;oribazus;-;Madagascar;F;60;;
191;EL72548;B0004511;Papilio;Menelaides;demolion;demolion;Indonésie;M;60;;
192;EL72549;B0004511;Papilio;Menelaides;demolion;demolion;Indonésie;M;60;;
193;EL72550;B0004511;Papilio;Menelaides;demolion;demolion;Indonésie;M;60;;
194;EL72551;B0004511;Papilio;Menelaides;demolion;demolion;Indonésie;M;60;;
195;EL72552;B0004512;Papilio;Menelaides;demolion;demolion;Indonésie;M;60;;
196;EL72553;B0004512;Papilio;Menelaides;demolion;demolion;Indonésie;F;60;;
197;EL72554;B0004513;Papilio;Menelaides;demolion;demolion;Indonésie;F;60;;
198;EL72555;B0004513;Papilio;Menelaides;demolion;demolion;Indonésie;F;60;;
199;EL72556;B0004513;Papilio;Menelaides;demolion;demolion;Indonésie;F;60;;
200;EL72557;B0004513;Papilio;Menelaides;demolion;demolion;Indonésie;F;60;;
201;EL72558;B0004514;Papilio;Menelaides;noblei;-;Vietnam;M;60;;
202;EL72559;B0004514;Papilio;Menelaides;noblei;-;Laos;M;60;;étalement non plane
203;EL72560;B0004514;Papilio;Menelaides;noblei;-;Vietnam;M;60;;
204;EL72561;B0004514;Papilio;Menelaides;noblei;-;Vietnam;F;60;;
205;EL72562;B0004515;Papilio;Menelaides;gigon;gigon;Indonésie;M;60;;
206;EL72563;B0004515;Papilio;Menelaides;gigon;gigon;Indonésie;M;60;;
207;EL72564;B0004515;Papilio;Menelaides;gigon;gigon;Indonésie;M;60;;
208;EL72565;B0004515;Papilio;Menelaides;gigon;gigon;Indonésie;M;60;;
209;EL72566;B0004515;Papilio;Menelaides;gigon;gigon;Indonésie;M;60;;
210;EL72567;B0004515;Papilio;Menelaides;gigon;gigon;Indonésie;F;60;;
211;EL72568;B0004515;Papilio;Menelaides;gigon;gigon;Indonésie;F;60;;
212;EL72569;B0004516;Papilio;Menelaides;gigon;gigon;Indonésie;F;60;;
213;EL72570;B0004517;Papilio;Menelaides;polytes;polytes;Vietnam;M;60;;
214;EL72571;B0004517;Papilio;Menelaides;polytes;polytes;Chine;M;60;;
215;EL72572;B0004517;Papilio;Menelaides;polytes;polytes;Vietnam;M;60;;
216;EL72573;B0004518;Papilio;Menelaides;polytes;polytes;Chine;M;60;;
217;EL72574;B0004517;Papilio;Menelaides;polytes;polytes;Chine;M;60;;
218;EL72575;B0004518;Papilio;Menelaides;polytes;polytes;Chine;F;60;;
219;EL72576;B0004518;Papilio;Menelaides;polytes;polytes;Chine;F;60;;
220;EL72577;B0004518;Papilio;Menelaides;polytes;polytes;Vietnam;F;60;;
221;EL72578;B0004518;Papilio;Menelaides;polytes;polytes;Vietnam;F;60;;
222;EL72579;B0004518;Papilio;Menelaides;polytes;polytes;Vietnam;F;60;;
223;EL72580;B0004519;Papilio;Menelaides;protenor;protenor;Chine;M;60;;
224;EL72581;B0004519;Papilio;Menelaides;protenor;protenor;Chine;F;60;;
225;EL72582;B0004519;Papilio;Menelaides;protenor;protenor;Thibet;F;60;;
226;EL72583;B0004519;Papilio;Menelaides;protenor;protenor;Thibet;F;60;;
227;EL72584;B0004519;Papilio;Menelaides;protenor;protenor;Thibet;F;60;;
228;EL72585;B0004519;Papilio;Menelaides;protenor;protenor;Thibet;F;60;;
229;EL72586;B0004520;Papilio;Menelaides;protenor;protenor;Thibet;M;60;;
230;EL72587;B0004520;Papilio;Menelaides;protenor;protenor;Chine;M;60;;
231;EL72588;B0004520;Papilio;Menelaides;protenor;protenor;Chine;M;60;;
232;EL72589;B0004520;Papilio;Menelaides;protenor;protenor;Chine;M;60;;
233;EL72590;B0004521;Papilio;Menelaides;memnon;memnon;Indonésie (Java);M;60;;
234;EL72591;B0004521;Papilio;Menelaides;memnon;memnon;Indonésie (Java);M;60;;
235;EL72592;B0004521;Papilio;Menelaides;memnon;memnon;Indonésie (Java);M;60;;
236;EL72593;B0004521;Papilio;Menelaides;memnon;memnon;Indonésie (Java);M;60;;
237;EL72594;B0004521;Papilio;Menelaides;memnon;memnon;Indonésie (Java);M;60;;
238;EL72595;B0004522;Papilio;Menelaides;memnon;memnon;Indonésie (Java);F;60;leomedon;
239;EL72596;B0004523;Papilio;Menelaides;memnon;memnon;Indonésie (Bornéo);F;60;gyrtia;
240;EL72597;B0004523;Papilio;Menelaides;memnon;memnon;Indonésie (Java);F;60;hiera;
241;EL72598;B0004524;Papilio;Menelaides;memnon;memnon;Indonésie (Bornéo);F;60;dobera;
242;EL72599;B0004524;Papilio;Menelaides;memnon;memnon;Indonésie (Java);F;60;isarcha;
243;EL72600;B0004524;Papilio;Menelaides;memnon;memnon;Indonésie (Java);F;60;imperiosa;
244;EL72601;B0004524;Papilio;Menelaides;memnon;memnon;Inde;F;60;achates;
245;EL72602;B0004525;Papilio;Menelaides;memnon;memnon;Indonésie (Java);F;60;venusia;
246;EL72603;B0004526;Papilio;Menelaides;oenomaus;oenomaus;Indonésie (Timor);M;60;;
247;EL72604;B0004527;Papilio;Menelaides;rumanzovia;-;Philippines;M;60;;
248;EL72605;B0004527;Papilio;Menelaides;rumanzovia;-;Indonésie (Célèbes);M;60;;
249;EL72606;B0004527;Papilio;Menelaides;rumanzovia;-;Philippines;M;60;;
250;EL72607;B0004527;Papilio;Menelaides;rumanzovia;-;Philippines;M;60;;
251;EL72608;B0004527;Papilio;Menelaides;rumanzovia;-;Philippines;M;60;;
252;EL72609;B0004528;Papilio;Menelaides;rumanzovia;-;Philippines;F;60;semperinus;
253;EL72610;B0004528;Papilio;Menelaides;rumanzovia;-;Philippines;F;60;obscura;
254;EL72611;B0004528;Papilio;Menelaides;rumanzovia;-;Philippines;F;60;eubalia;
255;EL72612;B0004528;Papilio;Menelaides;rumanzovia;-;Indes;F;60;semperinus;
256;EL72613;B0004528;Papilio;Menelaides;deiphobus;deiphobus;Indonésie (Amboine);M;60;;
257;EL72614;B0004528;Papilio;Menelaides;deiphobus;deiphobus;Indonésie (Amboine);M;60;;
258;EL72615;B0004528;Papilio;Menelaides;deiphobus;deiphobus;Indonésie;M;60;;
259;EL72616;B0004528;Papilio;Menelaides;deiphobus;deiphobus;Indonésie (Ceram);M;60;;
260;EL72617;B0004528;Papilio;Menelaides;deiphobus;deiphobus;Indonésie;M;60;;
261;EL72618;B0004529;Papilio;Menelaides;deiphobus;deiphobus;Indonésie (Ceram);F;60;hypoxanthos;
262;EL72619;B0004529;Papilio;Menelaides;deiphobus;deiphobus;Indonésie (Timor);F;60;hypoxanthos;
263;EL72620;B0004529;Papilio;Menelaides;deiphobus;deiphobus;Indonésie;F;60;flava;
264;EL72621;B0004529;Papilio;Menelaides;deiphobus;deiphobus;Indonésie (Moluques);F;60;flava;
265;EL72622;B0004529;Papilio;Menelaides;deiphobus;deiphobus;Indonésie (Moluques);F;60;flava;
266;EL72623;B0004530;Papilio;Menelaides;forbesi;-;Indonésie (Java);M;60;;
267;EL72624;B0004530;Papilio;Menelaides;forbesi;-;Indonésie (Java);M;60;;
268;EL72625;B0004530;Papilio;Menelaides;forbesi;-;Indonésie (Sumatra);M;60;;
269;EL72626;B0004530;Papilio;Menelaides;forbesi;-;Indonésie (Java);M;60;;
270;EL72627;B0004530;Papilio;Menelaides;forbesi;-;Indonésie (Sumatra);M;60;;
271;EL72628;B0004531;Papilio;Menelaides;thaiwanus;-;Taiwan;M;60;;
272;EL72629;B0004531;Papilio;Menelaides;thaiwanus;-;Taiwan;M;60;;
273;EL72630;B0004531;Papilio;Menelaides;thaiwanus;-;Taiwan;M;60;;
274;EL72631;B0004531;Papilio;Menelaides;thaiwanus;-;Taiwan;M;60;;
275;EL72632;B0004531;Papilio;Menelaides;thaiwanus;-;Taiwan;M;60;;
276;EL72633;B0004532;Papilio;Menelaides;macilentus;-;Japon;M;60;;
277;EL72634;B0004532;Papilio;Menelaides;macilentus;-;Japon;M;60;;
278;EL72635;B0004532;Papilio;Menelaides;macilentus;-;Chine;M;60;;
279;EL72636;B0004532;Papilio;Menelaides;macilentus;-;Chine;M;60;;
280;EL72637;B0004532;Papilio;Menelaides;macilentus;-;Chine;M;60;;
281;EL72638;B0004532;Papilio;Menelaides;macilentus;-;Japon;F;60;;
282;EL72639;B0004533;Papilio;Menelaides;nephelus;sunatus;Malaisie;M;60;;
283;EL72640;B0004533;Papilio;Menelaides;nephelus;sunatus;Malaisie;M;60;;
284;EL72641;B0004533;Papilio;Menelaides;nephelus;sunatus;Malaisie;F;60;;
285;EL72642;B0004533;Papilio;Menelaides;nephelus;albolineatus;Indonésie (Sumatra);F;60;;
286;EL72643;B0004534;Papilio;Menelaides;nephelus;albolineatus;Indonésie (Sumatra);M;60;;
287;EL72644;B0004534;Papilio;Menelaides;nephelus;albolineatus;Indonésie (Sumatra);M;60;;
288;EL72645;B0004534;Papilio;Menelaides;nephelus;nephelus;Indonésie (Java);M;60;;
289;EL72646;B0004534;Papilio;Menelaides;nephelus;nephelus;Indonésie ;M;60;;
290;EL72647;B0004534;Papilio;Menelaides;nephelus;nephelus;Indonésie (Sumatra);M;60;;
291;EL72648;B0004535;Papilio;Menelaides;mahadeva;mahadeva;Thaïlande;M;60;;
292;EL72649;B0004535;Papilio;Menelaides;mahadeva;mahadeva;Thaïlande;M;60;;
293;EL72650;B0004535;Papilio;Menelaides;mahadeva;mahadeva;Thaïlande;M;60;;
294;EL72651;B0004535;Papilio;Menelaides;mahadeva;mahadeva;Thaïlande;F;60;;
295;EL72652;B0004536;Papilio;Menelaides;mahadeva;mahadeva;Vietnam;M;60;;
296;EL72653;B0004536;Papilio;Menelaides;mahadeva;mahadeva;Vietnam;M;60;;
297;EL72654;B0004537;Papilio;Menelaides;aegeus;aegeus;Australie;M;60;;
298;EL72655;B0004537;Papilio;Menelaides;aegeus;aegeus;Australie;M;60;;
299;EL72656;B0004537;Papilio;Menelaides;aegeus;aegeus;Australie;M;60;;
300;EL72657;B0004537;Papilio;Menelaides;aegeus;aegeus;Australie;M;60;;
301;EL72658;B0004537;Papilio;Menelaides;aegeus;aegeus;Australie;M;60;;
302;EL72659;B0004538;Papilio;Menelaides;aegeus;aegeus;Australie;F;60;;
303;EL72660;B0004538;Papilio;Menelaides;aegeus;aegeus;Australie;F;60;;
304;EL72661;B0004538;Papilio;Menelaides;aegeus;aegeus;Australie;F;60;;
305;EL72662;B0004538;Papilio;Menelaides;aegeus;aegeus;Australie;F;60;;
306;EL72663;B0004538;Papilio;Menelaides;aegeus;aegeus;Australie;F;60;;
307;EL72664;B0004539;Papilio;Menelaides;gambrisius ;gambrisius ;Indonésie (Amboine);M;60;;
308;EL72665;B0004539;Papilio;Menelaides;gambrisius ;gambrisius ;Indonésie;M;60;;
309;EL72666;B0004539;Papilio;Menelaides;gambrisius ;gambrisius ;Indonésie (Amboine);M;60;;
310;EL72667;B0004539;Papilio;Menelaides;gambrisius ;gambrisius ;Indonésie (Amboine);M;60;;
311;EL72668;B0004539;Papilio;Menelaides;gambrisius ;gambrisius ;Indonésie (Amboine);F;60;;
312;EL72669;B0004540;Papilio;Menelaides;bridgei;bridgei;Îles Salomon (Bougainville);M;60;;
313;EL72670;B0004540;Papilio;Menelaides;bridgei;bridgei;Îles Salomon (Shortland);M;60;;
314;EL72671;B0004540;Papilio;Menelaides;bridgei;bridgei;Îles Salomon;M;60;;
315;EL72672;B0004540;Papilio;Menelaides;bridgei;bridgei;Îles Salomon (Shortland);F;60;;
316;EL72673;B0004540;Papilio;Menelaides;bridgei;gorei;Îles Salomon (Shortland);F;60;;
317;EL72674;B0004541;Papilio;Menelaides;bridgei;ortegae;Îles Salomon (Bougainville);M;60;;
318;EL72675;B0004541;Papilio;Menelaides;bridgei;ortegae;Îles Salomon;F;60;;
319;EL72676;B0004541;Papilio;Menelaides;bridgei;prospero;Îles Salomon;M;60;;
320;EL72677;B0004541;Papilio;Menelaides;bridgei;prospero;Îles Salomon;F;60;;
321;EL72678;B0004541;Papilio;Menelaides;bridgei;hecataeus;Nouvelle-Guinée;F;60;;
322;EL72679;B0004542;Papilio;Menelaides;tydeus;tydeus;Indonésie (Moluques);M;60;;
323;EL72680;B0004542;Papilio;Menelaides;tydeus;tydeus;Indonésie (Moluques);M;60;;
324;EL72681;B0004542;Papilio;Menelaides;tydeus;tydeus;Indonésie (Moluques);M;60;;
325;EL72682;B0004542;Papilio;Menelaides;tydeus;tydeus;Indonésie (Célèbes);M;60;;
326;EL72683;B0004542;Papilio;Menelaides;tydeus;tydeus;Indonésie (Célèbes);M;60;;
327;EL72684;B0004542;Papilio;Menelaides;tydeus;tydeus;Indonésie (Célèbes);F;60;;
328;EL72685;B0004542;Papilio;Menelaides;tydeus;tydeus;Indonésie (Moluques);F;60;;
329;EL72686;B0004542;Papilio;Menelaides;tydeus;tydeus;Indonésie (Moluques);F;60;;
330;EL72687;B0004543;Papilio;Menelaides;hipponous;lunifer;Indonésie (Célèbes);F;60;;
331;EL72688;B0004543;Papilio;Menelaides;hipponous;lunifer;Indonésie (Célèbes);M;60;;
332;EL72689;B0004543;Papilio;Menelaides;hipponous;lunifer;Indonésie (Célèbes);M;60;;
333;EL72690;B0004543;Papilio;Menelaides;pitmani;-;Thaïlande;M;60;;
334;EL72691;B0004543;Papilio;Menelaides;pitmani;-;Thaïlande;M;60;;
335;EL72692;B0004543;Papilio;Menelaides;pitmani;-;Thaïlande;M;60;;
336;EL72693;B0004543;Papilio;Menelaides;pitmani;-;Thaïlande;M;60;;
337;EL72694;B0004544;Papilio;Menelaides;albinus;albinus;Îles Salomon;M;60;;
338;EL72695;B0004544;Papilio;Menelaides;albinus;albinus;Nouvelle-Guinée;M;60;;
339;EL72696;B0004544;Papilio;Menelaides;albinus;albinus;Nouvelle-Guinée;M;60;;
340;EL72697;B0004545;Papilio;Menelaides;helenus;helenus;Jordanie;M;60;;
341;EL72698;B0004545;Papilio;Menelaides;helenus;helenus;Inde;M;60;;
342;EL72699;B0004545;Papilio;Menelaides;helenus;helenus;Malaisie;M;60;;
343;EL72700;B0004545;Papilio;Menelaides;helenus;helenus;Laos;M;60;;
344;EL72701;B0004545;Papilio;Menelaides;helenus;helenus;Inde;M;60;;
345;EL72702;B0004546;Papilio;Menelaides;helenus;helenus;Chine;F;60;;
346;EL72703;B0004546;Papilio;Menelaides;helenus;helenus;Chine;F;60;;
347;EL72704;B0004546;Papilio;Menelaides;helenus;helenus;Malaisie;F;60;;
348;EL72705;B0004546;Papilio;Menelaides;helenus;helenus;Chine;F;60;;
349;EL72706;B0004546;Papilio;Menelaides;helenus;helenus;Malaisie;F;60;;
350;EL72707;B0004547;Papilio;Menelaides;enganius;enganius;Indonésie (Java);M;60;;
351;EL72708;B0004547;Papilio;Menelaides;enganius;enganius;Indonésie (Java);M;60;;
352;EL72709;B0004547;Papilio;Menelaides;enganius;enganius;Indonésie (Java);M;60;;
353;EL72710;B0004547;Papilio;Menelaides;enganius;enganius;Indonésie (Bornéo);M;60;;
354;EL72711;B0004547;Papilio;Menelaides;enganius;enganius;Indonésie (Java);M;60;;
355;EL72712;B0004548;Papilio;Menelaides;enganius;enganius;Indonésie (Java);F;60;;
356;EL72713;B0004548;Papilio;Menelaides;enganius;enganius;Indonésie (Sumatra);F;60;;
357;EL72714;B0004548;Papilio;Menelaides;enganius;enganius;Indonésie (Java);F;60;;
358;EL72715;B0004548;Papilio;Menelaides;enganius;enganius;Indonésie (Bornéo);F;60;;
359;EL72716;B0004548;Papilio;Menelaides;enganius;enganius;Indonésie (Bornéo);F;60;;
360;EL72717;B0004549;Papilio;Menelaides;ambrax;ambrax;Nouvelle-Guinée;M;60;;
361;EL72718;B0004549;Papilio;Menelaides;ambrax;ambrax;Nouvelle-Guinée;M;60;;
362;EL72719;B0004549;Papilio;Menelaides;ambrax;ambrax;Nouvelle-Guinée;M;60;;
363;EL72720;B0004549;Papilio;Menelaides;ambrax;ambrax;Nouvelle-Guinée;M;60;;
364;EL72721;EL-B4558;Papilio;Menelaides;ambrax;ambrax;Papouasie;M;60;;
365;EL72722;EL-B4558;Papilio;Menelaides;ambrax;ambrax;Papouasie-Nouvelle-Guinée;F;60;;
366;EL72723;EL-B4558;Papilio;Menelaides;ambrax;ambrax;Nouvelle-Guinée;F;60;;
367;EL72724;EL-B4558;Papilio;Menelaides;ambrax;ambrax;Nouvelle-Guinée;F;60;ambracia;
368;EL72725;EL-B4558;Papilio;Menelaides;ambrax;ambrax;Nouvelle-Guinée;F;60;ambracia;
369;EL72726;EL-B4558;Papilio;Menelaides;ambrax;ambrax;Nouvelle-Guinée;F;60;nova;
370;EL72727;EL-B4559;Papilio;Menelaides;amynthor;amynthor;Nouvelle-Calédonie (Ile Loyauté);M;60;;
371;EL72728;EL-B4559;Papilio;Menelaides;amynthor;amynthor;Nouvelle-Calédonie (Ile Grande-Terre);M;60;;
372;EL72729;EL-B4559;Papilio;Menelaides;amynthor;amynthor;Nouvelle-Calédonie (Ile Loyauté);M;60;;
373;EL72730;EL-B4559;Papilio;Menelaides;amynthor;amynthor;Nouvelle-Calédonie (Ile Loyauté);M;60;;
374;EL72731;EL-B4559;Papilio;Menelaides;amynthor;amynthor;Nouvelle-Calédonie (Ile Grande-Terre);M;60;;
375;EL72732;EL-B4559;Papilio;Menelaides;amynthor;amynthor;Nouvelle-Calédonie (Ile Loyauté);F;60;;
376;EL72733;EL-B4559;Papilio;Menelaides;amynthor;amynthor;Nouvelle-Calédonie (Ile Grande-Terre);F;60;;
377;EL72734;EL-B4559;Papilio;Menelaides;amynthor;amynthor;Nouvelle-Calédonie (Ile Grande-Terre);F;60;;
378;EL72735;EL-B4559;Papilio;Menelaides;amynthor;amynthor;Nouvelle-Calédonie (Ile Grande-Terre);F;60;;
379;EL72736;EL-B4559;Papilio;Menelaides;amynthor;amynthor;Nouvelle-Calédonie;F;60;;
380;EL72737;EL-B4560;Papilio;Menelaides;bootes;bootes;Inde;M;60;;
381;EL72738;EL-B4560;Papilio;Menelaides;bootes;bootes;Inde;M;60;;
382;EL72739;EL-B4560;Papilio;Menelaides;bootes;bootes;Inde;M;60;;
383;EL72740;EL-B4560;Papilio;Menelaides;bootes;bootes;Inde;M;60;;
384;EL72741;EL-B4560;Papilio;Menelaides;bootes;bootes;Inde;M;60;;
385;EL72742;EL-B4560;Papilio;Menelaides;bootes;bootes;Inde;F;60;;
386;EL72743;EL-B4560;Papilio;Menelaides;bootes;bootes;Inde;F;60;;
387;EL72744;EL-B4560;Papilio;Menelaides;dialis;doddsi;Chine;M;60;;2ssp échantillonées car queue/pas queue
388;EL72745;EL-B4560;Papilio;Menelaides;dialis;doddsi;Chine;M;60;;2ssp échantillonées car queue/pas queue
389;EL72746;EL-B4560;Papilio;Menelaides;dialis;andronicus;Taiwan;M;60;;2ssp échantillonées car queue/pas queue
390;EL72747;EL-B4560;Papilio;Menelaides;dialis;andronicus;Taiwan;M;60;;2ssp échantillonées car queue/pas queue
391;EL72748;EL-B4561;Papilio;Menelaides;castor;castor;Inde;M;60;;
392;EL72749;EL-B4561;Papilio;Menelaides;castor;castor;Inde;M;60;;
393;EL75500;EL-B4561;Papilio;Menelaides;castor;castor;Inde;M;60;;
394;EL75501;EL-B4561;Papilio;Menelaides;castor;castor;Inde;M;60;;
395;EL75502;EL-B4562;Papilio;Menelaides;castor;castor;Inde;M;60;;
396;EL75503;EL-B4562;Papilio;Menelaides;castor;castor;Inde;F;60;;
397;EL75504;EL-B4562;Papilio;Menelaides;castor;castor;Inde;F;60;;
398;EL75505;EL-B4562;Papilio;Menelaides;castor;castor;Inde;F;60;;
399;EL75506;EL-B4562;Papilio;Menelaides;castor;castor;Inde;F;60;;
400;EL75510;EL-B4562;Papilio;Menelaides;castor;castor;Inde;F;60;;
401;EL75507;EL-B4563;Papilio;Menelaides;demetrius;demetrius;Japon;M;60;;
402;EL75508;EL-B4563;Papilio;Menelaides;demetrius;demetrius;Japon;M;60;;
403;EL75509;EL-B4564;Papilio;Menelaides;demetrius;demetrius;Japon;M;60;;
404;EL75511;EL-B4564;Papilio;Menelaides;demetrius;demetrius;Japon;M;60;;
405;EL75512;EL-B4564;Papilio;Menelaides;demetrius;demetrius;Japon;M;60;;
406;EL75513;EL-B4564;Papilio;Menelaides;demetrius;demetrius;Japon;F;60;;
407;EL75514;EL-B4564;Papilio;Menelaides;demetrius;demetrius;Japon;F;60;;
408;EL75515;EL-B4564;Papilio;Menelaides;demetrius;demetrius;Japon;F;60;;
409;EL75516;EL-B4564;Papilio;Menelaides;demetrius;demetrius;Japon;F;60;;
410;EL75517;EL-B4564;Papilio;Menelaides;demetrius;demetrius;Japon;F;60;;
411;EL75518;EL-B4565;Papilio;Menelaides;dravidarum;-;Indes;M;60;;
412;EL75519;EL-B4565;Papilio;Menelaides;dravidarum;-;Indes;M;60;;
413;EL75520;EL-B4565;Papilio;Menelaides;dravidarum;-;Indes;M;60;;
414;EL75521;EL-B4565;Papilio;Menelaides;dravidarum;-;Indes;F;60;;
415;EL75522;EL-B4565;Papilio;Menelaides;dravidarum;-;Indes;F;60;;
416;EL75523;EL-B4566;Papilio;Menelaides;fuscus;fuscus;Indonésie (Bornéo);M;60;;
417;EL75524;EL-B4566;Papilio;Menelaides;fuscus;fuscus;Indonésie ;M;60;;
418;EL75525;EL-B4566;Papilio;Menelaides;fuscus;fuscus;Indonésie ;M;60;;
419;EL75526;EL-B4566;Papilio;Menelaides;fuscus;fuscus;Indonésie ;M;60;;
420;EL75527;EL-B4566;Papilio;Menelaides;fuscus;fuscus;Indonésie ;M;60;;
421;EL75528;EL-B4566;Papilio;Menelaides;fuscus;fuscus;Indonésie (Java);F;60;;
422;EL75529;EL-B4566;Papilio;Menelaides;fuscus;fuscus;Indonésie (Amboine);F;60;;
423;EL75530;EL-B4566;Papilio;Menelaides;fuscus;fuscus;Indonésie (Amboine);F;60;;
424;EL75531;EL-B4566;Papilio;Menelaides;fuscus;fuscus;Indonésie (Java);F;60;;
425;EL75532;EL-B4566;Papilio;Menelaides;fuscus;fuscus;Indonésie (Timor);F;60;;
426;EL75533;EL-B4567;Papilio;Menelaides;iswara;iswara;Inde;M;60;;
427;EL75534;EL-B4567;Papilio;Menelaides;iswara;iswara;NA;M;60;;
428;EL75535;EL-B4567;Papilio;Menelaides;iswara;iswara;Irak;F;60;;
429;EL75536;EL-B4567;Papilio;Menelaides;iswara;iswara;Inde;F;60;;
430;EL75537;EL-B4567;Papilio;Menelaides;iswara;iswara;NA;M;60;;
431;EL75538;EL-B4567;Papilio;Menelaides;iswara;araspes;Indonésie (Bornéo);M;60;;
432;EL75539;EL-B4567;Papilio;Menelaides;iswara;araspes;Indonésie (Bornéo);M;60;;
433;EL75540;B0004513;Papilio;Menelaides;liomedon;-;Inde;NA;60;;
434;EL75541;B0004526;Papilio;Menelaides;polymnestor;polymnestor;Inde;M;60;;
435;EL75542;B0004526;Papilio;Menelaides;polymnestor;polymnestor;Inde;M;60;;
436;EL75543;B0004526;Papilio;Menelaides;polymnestor;polymnestor;Inde;M;60;;
437;EL75544;B0004526;Papilio;Menelaides;polymnestor;polymnestor;Inde;M;60;;
438;EL75545;B0004526;Papilio;Menelaides;polymnestor;polymnestor;Inde;M;60;;
439;EL75546;EL-B4568;Papilio;Menelaides;polymnestor;polymnestor;Inde;F;60;;
440;EL75547;EL-B4568;Papilio;Menelaides;polymnestor;polymnestor;Inde;F;60;;
441;EL75548;EL-B4568;Papilio;Menelaides;polymnestor;polymnestor;Inde;F;60;;
442;EL75549;EL-B4568;Papilio;Menelaides;polymnestor;polymnestor;Inde;F;60;;
443;EL75550;EL-B4568;Papilio;Menelaides;polymnestor;polymnestor;Inde;F;60;;
444;EL75551;EL-B4569;Papilio;Eleppone;anactus;-;Australie;F;60;;
445;EL75552;EL-B4569;Papilio;Eleppone;anactus;-;Australie;M;60;;
446;EL75553;EL-B4569;Papilio;Eleppone;anactus;-;Australie;F;60;;
447;EL75554;EL-B4569;Papilio;Eleppone;anactus;-;Australie;M;60;;
448;EL75555;EL-B4570;Papilio;Achillides;polyctor;polyctor;Inde;M;60;;
449;EL75556;EL-B4570;Papilio;Achillides;polyctor;polyctor;Inde;M;60;;
450;EL75557;EL-B4570;Papilio;Achillides;polyctor;polyctor;Inde;F;60;;
451;EL75558;EL-B4570;Papilio;Achillides;polyctor;polyctor;Inde;F;60;;
452;EL75559;EL-B4571;Papilio;Achillides;bianor;bianor;Chine;M;60;;
453;EL75560;EL-B4571;Papilio;Achillides;bianor;bianor;Chine;M;60;;
454;EL75561;EL-B4571;Papilio;Achillides;bianor;bianor;Chine;F;60;;
455;EL75562;EL-B4571;Papilio;Achillides;bianor;bianor;Chine;F;60;;
456;EL75563;EL-B4572;Papilio;Achillides;dehaanii;-;Chine;F;65;;
457;EL75564;EL-B4572;Papilio;Achillides;dehaanii;-;Chine;F;65;;
458;EL75565;EL-B4572;Papilio;Achillides;dehaanii;-;Japon;M;65;;
459;EL75566;EL-B4572;Papilio;Achillides;dehaanii;-;Chine;M;65;;
460;EL75567;EL-B4573;Papilio;Achillides;paris;paris;Inde;M;60;;
461;EL75568;EL-B4573;Papilio;Achillides;paris;paris;Bouthan;M;60;;
462;EL75569;EL-B4574;Papilio;Achillides;paris;paris;Chine;F;60;;
463;EL75570;EL-B4574;Papilio;Achillides;paris;paris;Chine;F;60;;
464;EL75571;EL-B4575;Papilio;Achillides;hermosanus;-;Taiwan;M;60;;
465;EL75572;EL-B4575;Papilio;Achillides;hermosanus;-;Taiwan;M;60;;
466;EL75573;EL-B4576;Papilio;Achillides;arjuna;-;Indonésie (Java);M;60;;
467;EL75574;EL-B4576;Papilio;Achillides;arjuna;-;Indonésie (Java);M;60;;
468;EL75575;EL-B4577;Papilio;Achillides;lorquinianus;-;Indonésie (Moluques);M;60;;
469;EL75576;EL-B4577;Papilio;Achillides;lorquinianus;-;Indonésie (Moluques);M;60;;
470;EL75577;EL-B4577;Papilio;Achillides;lorquinianus;-;Indonésie (Moluques);F;60;;
471;EL75578;EL-B4577;Papilio;Achillides;lorquinianus;-;Indonésie (Moluques);F;60;;
472;EL75579;EL-B4578;Papilio;Achillides;ulysses;ulysses;Indonésie (Amboine);M;60;;
473;EL75580;EL-B4578;Papilio;Achillides;ulysses;ulysses;Indonésie ;M;60;;
474;EL75581;EL-B4578;Papilio;Achillides;ulysses;ulysses;Indonésie ;F;60;;
475;EL75582;EL-B4579;Papilio;Achillides;ulysses;ulysses;Indonésie ;F;60;;
476;EL75583;EL-B4578;Papilio;Achillides;telegonus;-;Indonésie (Amboine);M;60;;
477;EL75584;EL-B4578;Papilio;Achillides;telegonus;-;Indonésie (Moluques);M;60;;
478;EL75585;EL-B4580;Papilio;Achillides;montrouzieri;ulyssellus;Nouvelle-Calédonie;M;60;;
479;EL75586;EL-B4580;Papilio;Achillides;montrouzieri;ulyssellus;Nouvelle-Calédonie;M;60;;
480;EL75587;EL-B4580;Papilio;Achillides;montrouzieri;ulyssellus;Nouvelle-Calédonie (Ile Loyauté);F;60;;
481;EL75588;EL-B4580;Papilio;Achillides;montrouzieri;ulyssellus;Nouvelle-Calédonie (Ile Loyauté);F;60;;
482;EL75589;EL-B4581;Papilio;Achillides;arcturus;arcturus;Inde;M;60;;
483;EL75590;EL-B4581;Papilio;Achillides;arcturus;arcturus;Inde;M;60;;
484;EL75591;EL-B4581;Papilio;Achillides;arcturus;arcturus;Inde;F;60;;
485;EL75592;EL-B4581;Papilio;Achillides;arcturus;arcturus;Inde;F;60;;
486;EL75593;EL-B4582;Papilio;Achillides;blumei;blumei;Indonésie (Amboine);M;60;;
487;EL75594;EL-B4583;Papilio;Achillides;blumei;blumei;Indonésie (Célèbes);M;60;;
488;EL75595;EL-B4583;Papilio;Achillides;blumei;blumei;Indonésie (Célèbes);F;60;;
489;EL75596;EL-B4583;Papilio;Achillides;blumei;blumei;Indonésie (Amboine);F;60;;
490;EL75597;EL-B4583;Papilio;Achillides;buddha;-;Inde;M;60;;
491;EL75598;EL-B4583;Papilio;Achillides;buddha;-;Inde;M;60;;
492;EL75599;EL-B4583;Papilio;Achillides;buddha;-;Sri Lanka;F;60;;
493;EL75600;EL-B4583;Papilio;Achillides;buddha;-;Philippines (Luçon);F;60;;
494;EL75601;EL-B4584;Papilio;Achillides;crino;crino;Sri Lanka;M;60;;
495;EL75602;EL-B4584;Papilio;Achillides;crino;crino;Sri Lanka;M;60;;
496;EL75603;EL-B4584;Papilio;Achillides;crino;crino;Sri Lanka;F;60;;
497;EL75604;EL-B4584;Papilio;Achillides;crino;crino;Sri Lanka;F;60;;
498;EL75605;EL-B4584;Papilio;Achillides;krishna;krishna;Inde;M;60;;
499;EL75606;EL-B4584;Papilio;Achillides;krishna;krishna;Inde;M;60;;
500;EL75607;EL-B4582;Papilio;Achillides;daedalus;-;Philippines (Mindoro);M;60;;
501;EL75608;EL-B4582;Papilio;Achillides;daedalus;-;Philippines ;M;60;;
502;EL75609;EL-B4581;Papilio;Achillides;hopponis;-;Taiwan;M;60;;
503;EL75610;EL-B4581;Papilio;Achillides;hopponis;-;Taiwan;M;60;;
504;EL75611;EL-B4577;Papilio;Achillides;karna;karna;Indonésie (Java);M;60;;
505;EL75612;EL-B4577;Papilio;Achillides;karna;karna;Indonésie;M;60;;
506;EL75613;EL-B4585;Papilio;Achillides;palinurus;palinurus;Indonésie (Bornéo);F;60;;
507;EL75614;EL-B4585;Papilio;Achillides;palinurus;palinurus;Indonésie (Bornéo);M;60;;
508;EL75615;EL-B4585;Papilio;Achillides;palinurus;palinurus;Malaisie;F;60;;
509;EL75616;EL-B4585;Papilio;Achillides;palinurus;palinurus;Malaisie;M;60;;
510;EL75617;EL-B4586;Papilio;Achillides;neumoegeni;-;Indonésie (Sumba);F;60;;
511;EL75618;EL-B4583;Papilio;Achillides;neumoegeni;angustatus;Philippines ;F;60;;
512;EL75619;EL-B4583;Papilio;Achillides;neumoegeni;angustatus;Philippines ;M;60;;
513;EL75620;EL-B4583;Papilio;Achillides;neumoegeni;angustatus;Philippines ;M;60;;
514;EL75621;EL-B4586;Papilio;Achillides;peranthus;peranthus;Indonésie (Java);M;60;;
515;EL75622;EL-B4586;Papilio;Achillides;peranthus;peranthus;Indonésie (Java);M;60;;
516;EL75623;EL-B4586;Papilio;Achillides;peranthus;peranthus;Indonésie (Java);F;60;;
517;EL75624;EL-B4586;Papilio;Achillides;peranthus;transiens;Indonésie (Lombok);F;60;;
518;EL75625;EL-B4576;Papilio;Achillides;pericles;-;NA;M;60;;
519;EL75626;EL-B4587;Papilio;Achillides;syfanius;-;Thibet;M;60;;
520;EL75627;EL-B4587;Papilio;Achillides;syfanius;-;Thibet;M;60;;
521;EL75628;EL-B4588;Papilio;Sinoprinceps;xuthus;xuthus;Chine;M;60;;
522;EL75629;EL-B4588;Papilio;Sinoprinceps;xuthus;xuthus;Chine;M;60;;
523;EL75630;EL-B4588;Papilio;Sinoprinceps;xuthus;xuthus;Chine;F;60;;
524;EL75631;EL-B4588;Papilio;Sinoprinceps;xuthus;xuthus;Chine;F;60;;
525;EL75632;EL-B4589;Papilio;Papilio;indra;indra;USA;M;60;;
526;EL75633;EL-B4589;Papilio;Papilio;indra;indra;USA;M;60;;
527;EL75634;EL-B4589;Papilio;Papilio;indra;indra;USA;F;60;;
528;EL75635;EL-B4590;Papilio;Papilio;hospiton;-;Corse;M;60;;
529;EL75636;EL-B4590;Papilio;Papilio;hospiton;-;Sardaigne;M;60;;
530;EL75637;EL-B4590;Papilio;Papilio;hospiton;-;Corse;F;60;;
531;EL75638;EL-B4590;Papilio;Papilio;hospiton;-;Sardaigne;F;60;;
532;EL75639;EL-B4591;Papilio;Papilio;hippocrates;-;Japon;M;60;;
533;EL75640;EL-B4591;Papilio;Papilio;hippocrates;-;Japon;M;60;;
534;EL75641;EL-B4591;Papilio;Papilio;hippocrates;-;Japon;F;60;;
535;EL75642;EL-B4591;Papilio;Papilio;hippocrates;-;Japon;F;60;;
536;EL38895;B0003232;Papilio;Papilio;machaon;machaon;France;M;60;;
537;EL38900;B0003232;Papilio;Papilio;machaon;machaon;France;F;60;;
538;EL75643;B0003232;Papilio;Papilio;machaon;machaon;France;M;60;;
539;EL38908;B0003232;Papilio;Papilio;machaon;machaon;France;F;60;;
540;EL75644;EL-B4592;Papilio;Papilio;oregonius;-;USA;F;60;;
541;EL75645;EL-B4592;Papilio;Papilio;zelicaon;-;USA;M;60;;
542;EL75646;EL-B4592;Papilio;Papilio;zelicaon;-;USA;M;60;;
543;EL75647;EL-B4592;Papilio;Papilio;zelicaon;-;USA;F;60;;
544;EL75648;EL-B4592;Papilio;Papilio;zelicaon;-;USA;F;60;;
545;EL75649;EL-B4593;Papilio;Papilio;polyxenes;polyxenes;Mexique;M;60;;
546;EL75650;EL-B4593;Papilio;Papilio;polyxenes;polyxenes;NA;F;60;;
547;EL75651;EL-B4594;Papilio;Papilio;polyxenes;asterius;USA;M;60;;
548;EL75652;EL-B4595;Papilio;Papilio;polyxenes;asterius;Mexique;F;60;;
549;EL75653;EL-B4596;Papilio;Papilio;alexanor;alexanor;France;M;60;;
550;EL75654;EL-B4596;Papilio;Papilio;alexanor;alexanor;France;M;60;;
551;EL75655;EL-B4596;Papilio;Papilio;alexanor;alexanor;France;F;60;;
552;EL75656;EL-B4596;Papilio;Papilio;alexanor;alexanor;France;F;60;;
553;EL75657;EL-B4597;Papilio;Pterourus;scamander;grayi;Brésil;M;60;;
554;EL75658;EL-B4597;Papilio;Pterourus;scamander;grayi;Brésil;M;60;;
555;EL75659;EL-B4597;Papilio;Pterourus;scamander;grayi;Brésil;F;60;;
556;EL75660;EL-B4597;Papilio;Pterourus;scamander;grayi;Brésil;F;60;;
557;EL75661;EL-B4598;Papilio;Pterourus;garamas;garamas;Mexique;M;60;;
558;EL75662;EL-B4598;Papilio;Pterourus;garamas;garamas;Mexique;M;60;;
559;EL75663;EL-B4598;Papilio;Pterourus;garamas;garamas;Mexique;F;60;;
560;EL75664;EL-B4598;Papilio;Pterourus;garamas;garamas;Mexique;F;60;;
561;EL75665;EL-B4599;Papilio;Pterourus;birchallii;birchallii;Colombie;M;60;;
562;EL75666;EL-B4599;Papilio;Pterourus;birchallii;birchallii;Colombie;M;60;;
563;EL75667;EL-B4599;Papilio;Pterourus;victorinus;victorinus;Mexique;M;60;;
564;EL75668;EL-B4599;Papilio;Pterourus;victorinus;victorinus;Mexique;M;60;;
565;EL75669;EL-B4699;Papilio;Pterourus;victorinus;victorinus;Mexique;F;60;;
566;EL75670;EL-B4699;Papilio;Pterourus;victorinus;victorinus;Mexique;F;60;;
567;EL75671;EL-B4700;Papilio;Pterourus;glaucus;glaucus;Canada;M;60;;
568;EL75672;EL-B4700;Papilio;Pterourus;glaucus;glaucus;USA;M;60;glaucus;
569;EL75673;EL-B4701;Papilio;Pterourus;glaucus;glaucus;USA;F;60;glaucus;
570;EL75674;EL-B4701;Papilio;Pterourus;glaucus;glaucus;USA;F;60;turnus;
571;EL75675;EL-B4702;Papilio;Pterourus;rutulus;-;USA;M;60;;
572;EL75676;EL-B4702;Papilio;Pterourus;rutulus;-;USA;M;60;;
573;EL75677;EL-B4702;Papilio;Pterourus;rutulus;-;USA;F;60;;
574;EL75678;EL-B4702;Papilio;Pterourus;rutulus;-;USA;F;60;ammoni;
575;EL75679;EL-B4703;Papilio;Pterourus;eurymedon;eurymedon;USA;M;60;;
576;EL75680;EL-B4703;Papilio;Pterourus;eurymedon;eurymedon;USA;M;60;;
577;EL75681;EL-B4703;Papilio;Pterourus;eurymedon;eurymedon;USA;F;60;;
578;EL75682;EL-B4703;Papilio;Pterourus;eurymedon;eurymedon;USA;F;60;;
579;EL75683;EL-B4704;Papilio;Pterourus;multicaudata;-;Mexique;M;60;;
580;EL75684;EL-B4704;Papilio;Pterourus;multicaudata;-;Mexique;M;60;;
581;EL75685;EL-B4705;Papilio;Pterourus;multicaudata;-;Mexique;F;60;;
582;EL75686;EL-B4705;Papilio;Pterourus;multicaudata;-;Mexique;F;60;;
583;EL75687;EL-B4706;Papilio;Pterourus;troilus;troilus;USA;M;60;;
584;EL75688;EL-B4706;Papilio;Pterourus;troilus;troilus;USA;M;60;;
585;EL75689;EL-B4707;Papilio;Pterourus;troilus;troilus;USA;F;60;;
586;EL75690;EL-B4707;Papilio;Pterourus;troilus;troilus;USA;F;60;;
587;EL75691;EL-B4708;Papilio;Pterourus;palamedes;palamedes;USA;M;60;;
588;EL75692;EL-B4708;Papilio;Pterourus;palamedes;palamedes;USA;M;60;;
589;EL75693;EL-B4708;Papilio;Pterourus;palamedes;palamedes;USA;F;60;;
590;EL75694;EL-B4708;Papilio;Pterourus;palamedes;palamedes;USA;F;60;;
591;EL75695;EL-B4709;Papilio;Pterourus;pilumnus;-;Mexique;M;60;;
592;EL75696;EL-B4709;Papilio;Pterourus;pilumnus;-;Mexique;M;60;;
593;EL75697;EL-B4709;Papilio;Pterourus;pilumnus;-;Mexique;F;60;;
594;EL75698;EL-B4710;Papilio;Pterourus;cacicus;cacicus;Colombie;M;60;;
595;EL75699;EL-B4710;Papilio;Pterourus;cacicus;cacicus;Colombie;M;M;;
596;EL75700;EL-B4710;Papilio;Pterourus;euterpinus;-;Equateur;F;60;;
597;EL75701;EL-B4710;Papilio;Pterourus;euterpinus;-;Equateur;M;60;;
598;EL75702;EL-B4711;Papilio;Heraclides;thoas;thoas;Guyane;F;60;;
599;EL75703;EL-B4711;Papilio;Heraclides;thoas;thoas;Guyane;M;60;;
600;EL75704;EL-B4711;Papilio;Heraclides;thoas;thoas;Guyane;M;60;;
601;EL75705;EL-B4711;Papilio;Heraclides;thoas;thoas;Suriname;F;60;;
602;EL75706;EL-B4712;Papilio;Pterourus;homerus;bitias;Pérou;M;60;;
603;EL75707;EL-B4712;Papilio;Pterourus;homerus;bitias;Equateur;M;60;;
604;EL75708;EL-B4712;Papilio;Pterourus;homerus;bitias;Equateur;F;60;;
605;EL75709;EL-B4713;Papilio;Pterourus;homerus;bitias;Amazone;F;60;therapes;
606;EL75710;EL-B4714;Papilio;Pterourus;warscewiczii;warscewiczii;Bolivie;M;60;;
607;EL75711;EL-B4714;Papilio;Pterourus;warscewiczii;warscewiczii;Bolivie;M;60;;
608;EL75712;EL-B4715;Papilio;Pterourus;neyi;-;Equateur;M;60;;ant.gauche+post.droite
609;EL75713;EL-B4716;Papilio;Pterourus;zagreus;zagreus;Pérou;M;60;;
610;EL75714;EL-B4716;Papilio;Pterourus;zagreus;zagreus;Equateur;M;60;;
611;EL75715;EL-B4717;Papilio;Chilasa;clytia;clytia;Taiwan;M;60;;
612;EL75716;EL-B4718;Papilio;Chilasa;clytia;clytia;Indonésie (Sumatra);F;60;;
613;EL75717;EL-B4719;Papilio;Chilasa;clytia;clytia;Chine;M;60;;
614;EL75718;EL-B4719;Papilio;Chilasa;clytia;clytia;Chine;F;60;;
615;EL75719;EL-B4720;Papilio;Chilasa;epycides;epycides;Inde;M;60;;
616;EL75720;EL-B4720;Papilio;Chilasa;epycides;epycides;Inde;F;60;;
617;EL75721;EL-B4720;Papilio;Chilasa;epycides;horatius;Thibet;M;60;;
618;EL75722;EL-B4720;Papilio;Chilasa;epycides;horatius;Thibet;F;60;;
619;EL75723;EL-B4721;Papilio;Chilasa;agestor;agestor;Inde;M;60;;
620;EL75724;EL-B4721;Papilio;Chilasa;agestor;agestor;Laos;M;60;;
621;EL75725;EL-B4721;Papilio;Chilasa;agestor;agestor;Inde;F;60;;
622;EL75726;B0004531;Papilio;Chilasa;laglaizei;-;Nouvelle-Guinée;M;60;;
623;EL75727;B0004531;Papilio;Chilasa;laglaizei;-;Nouvelle-Guinée;F;60;;
624;EL75728;B0004531;Papilio;Chilasa;laglaizei;-;Nouvelle-Guinée;F;60;;
625;EL75729;EL-B4722;Papilio;Chilasa;paradoxa;paradoxa;Indonésie (Java);M;60;;
626;EL75730;EL-B4722;Papilio;Chilasa;paradoxa;paradoxa;Indonésie (Java);F;60;;
627;EL75731;EL-B4722;Papilio;Chilasa;paradoxa;aenigma;Malaisie;M;60;;
628;EL75732;EL-B4722;Papilio;Chilasa;paradoxa;aenigma;Malaisie;F;60;;
629;EL75733;EL-B4723;Papilio;Chilasa;slateri;slateri;Inde;M;60;;
630;EL75734;EL-B4723;Papilio;Chilasa;slateri;slateri;Inde;M;60;;
631;EL75735;EL-B4724;Papilio;Heraclides;cresphontes;-;USA;M;60;;
632;EL75736;EL-B4724;Papilio;Heraclides;cresphontes;-;Mexique;M;60;;
633;EL75737;EL-B4724;Papilio;Heraclides;cresphontes;-;USA;F;60;;
634;EL75738;EL-B4724;Papilio;Heraclides;cresphontes;-;Mexique;F;60;;post.droit
635;EL75739;EL-B4725;Papilio;Heraclides;aristodemus;aristodemus;Haïti;M;60;;
636;EL75740;EL-B4725;Papilio;Heraclides;aristodemus;temenes;Cuba;M;60;;
637;EL75741;EL-B4725;Papilio;Heraclides;aristodemus;temenes;Cuba;F;60;;
638;EL75742;EL-B4725;Papilio;Heraclides;machaonides;-;Haïti;M;60;;
639;EL75743;EL-B4725;Papilio;Heraclides;machaonides;-;Haïti;M;60;;
640;EL75744;EL-B4725;Papilio;Heraclides;astyalus;lycophon;Brésil;M;60;;
641;EL75745;EL-B4726;Papilio;Heraclides;astyalus;lycophon;Argentine;M;60;;
642;EL75746;EL-B4727;Papilio;Heraclides;astyalus;lycophon;Brésil;F;60;;
643;EL75747;EL-B4727;Papilio;Heraclides;astyalus;lycophon;Brésil;F;60;;
644;EL75748;EL-B4728;Papilio;Heraclides;anchisiades;anchisiades;Colombie;M;60;;
645;EL75749;EL-B4728;Papilio;Heraclides;anchisiades;anchisiades;Equateur;M;60;;
646;EL43104;EL-B4729;Papilio;Heraclides;anchisiades;anchisiades;Brésil;F;60;;
647;EL43105;EL-B4729;Papilio;Heraclides;anchisiades;anchisiades;Guyane;F;60;;
648;EL43106;EL-B4730;Papilio;Heraclides;erostratus;-;Îles Vierges;M;60;;
649;EL43107;EL-B4730;Papilio;Heraclides;erostratus;-;Guatemala;M;60;;
650;EL43108;EL-B4730;Papilio;Heraclides;erostratus;-;Guatemala;F;60;;
651;EL43109;EL-B4730;Papilio;Heraclides;erostratus;-;Guatemala;F;60;;
652;EL43110;EL-B4731;Papilio;Heraclides;hectorides;-;Brésil;M;60;;
653;EL43111;EL-B4731;Papilio;Heraclides;hectorides;-;Brésil;M;60;;
654;EL43112;EL-B4732;Papilio;Heraclides;hectorides;-;Brésil;F;60;;
655;EL43113;EL-B4732;Papilio;Heraclides;hectorides;-;Brésil;F;60;;
656;EL43114;EL-B4731;Papilio;Heraclides;himeros;himeros;Brésil;M;60;;
657;EL43115;EL-B4731;Papilio;Heraclides;himeros;baia;NA;M;60;;
658;EL43116;EL-B4731;Papilio;Heraclides;himeros;baia;Brésil;F;60;;
659;EL43117;EL-B4731;Papilio;Heraclides;himeros;baia;Brésil;F;60;;
660;EL43118;EL-B4733;Papilio;Heraclides;torquatus;torquatus;Pérou;M;60;;
661;EL43119;EL-B4733;Papilio;Heraclides;torquatus;torquatus;Pérou;M;60;;
662;EL43120;EL-B4733;Papilio;Heraclides;torquatus;torquatus;Guyane;F;60;theras;
663;EL43121;EL-B4733;Papilio;Heraclides;torquatus;torquatus;Guyane;F;60;theras;
664;EL43122;EL-B4734;Papilio;Heraclides;andraemon;andraemon;Cuba;F;60;;
665;EL43123;EL-B4734;Papilio;Heraclides;andraemon;andraemon;Cuba;F;60;;
666;EL43124;EL-B4735;Papilio;Heraclides;andraemon;andraemon;Cuba;M;60;;
667;EL43125;EL-B4735;Papilio;Heraclides;andraemon;andraemon;Cuba;M;60;;
668;EL43126;EL-B4735;Papilio;Heraclides;caiguanabus;-;Cuba;F;60;;
669;EL43127;EL-B4735;Papilio;Heraclides;caiguanabus;-;Cuba;M;60;;
670;EL43128;EL-B4735;Papilio;Heraclides;caiguanabus;-;Cuba;M;60;;
671;EL43129;EL-B4736;Papilio;Heraclides;androgeus;androgeus;Venezuela;M;60;;
672;EL43130;EL-B4736;Papilio;Heraclides;androgeus;androgeus;Equateur;M;60;;
673;EL43131;EL-B4737;Papilio;Heraclides;androgeus;androgeus;Pérou;F;60;;
674;EL43132;EL-B4737;Papilio;Heraclides;androgeus;androgeus;Guyane;F;60;piranthus;
675;EL43133;EL-B4738;Papilio;Heraclides;chiansiades;-;Equateur/Pérou;M;60;;
676;EL43134;EL-B4738;Papilio;Heraclides;chiansiades;-;NA;M;60;;
677;EL43135;EL-B4738;Papilio;Heraclides;epenetus;-;Equateur;F;60;;
678;EL43136;EL-B4738;Papilio;Heraclides;epenetus;-;Equateur;F;60;;
679;EL43137;EL-B4738;Papilio;Heraclides;epenetus;-;Equateur;M;60;;
680;EL43138;EL-B4738;Papilio;Heraclides;oxynius;-;Cuba;F;60;;
681;EL43139;EL-B4738;Papilio;Heraclides;oxynius;-;Cuba;M;60;;
682;EL43140;EL-B4738;Papilio;Heraclides;oxynius;-;Cuba;M;60;;
683;EL43141;EL-B4739;Papilio;Heraclides;garleppi;interruptus;Equateur;M;60;;
684;EL43142;EL-B4739;Papilio;Heraclides;garleppi;interruptus;NA;M;60;;
685;EL43143;EL-B4740;Papilio;Heraclides;homothoas;-;Brésil;F;60;;
686;EL43144;EL-B4740;Papilio;Heraclides;homothoas;-;Venezuela;M;60;;
687;EL43145;EL-B4740;Papilio;Heraclides;homothoas;-;Venezuela;M;60;;
688;EL43146;EL-B4741;Papilio;Heraclides;hyppason;-;Bolivie;M;60;;
689;EL43147;EL-B4741;Papilio;Heraclides;hyppason;-;Bolivie;M;60;;
690;EL43148;EL-B4741;Papilio;Heraclides;hyppason;-;Guyane;F;60;paraensis;
691;EL43149;EL-B4741;Papilio;Heraclides;hyppason;-;Guyane;F;60;paraensis;
692;EL43154;EL-B4741;Papilio;Heraclides;pelaus;pelaus;Jamaïque;F;60;;
693;EL43155;EL-B4741;Papilio;Heraclides;pelaus;pelaus;Jamaïque;F;60;;
694;EL43156;EL-B4741;Papilio;Heraclides;pelaus;pelaus;Jamaïque;M;60;;
695;EL43157;EL-B4741;Papilio;Heraclides;pelaus;pelaus;NA;M;60;;
696;EL43158;EL-B4742;Papilio;Heraclides;isidorus;flavens;Equateur;M;60;;
697;EL43159;EL-B4742;Papilio;Heraclides;isidorus;flavens;Equateur;M;60;;
698;EL43160;EL-B4742;Papilio;Heraclides;isidorus;flavens;Equateur;F;60;;
699;EL43161;EL-B4742;Papilio;Heraclides;isidorus;flavens;Equateur;F;60;;
700;EL43162;EL-B4733;Papilio;Heraclides;lamarchei;-;Bolivie;M;60;;
701;EL43163;EL-B4733;Papilio;Heraclides;lamarchei;-;Bolivie;M;60;;
702;EL43164;EL-B4743;Papilio;Heraclides;paeon;-;Pérou;M;60;;
703;EL43165;EL-B4743;Papilio;Heraclides;paeon;-;Pérou;M;60;;
704;EL43166;EL-B4743;Papilio;Heraclides;paeon;-;NA;F;60;;
705;EL43167;EL-B4743;Papilio;Heraclides;paeon;-;Panama;F;60;;
706;EL43168;EL-B4744;Papilio;Heraclides;pharnaces;-;Mexique;M;60;;
707;EL43169;EL-B4744;Papilio;Heraclides;pharnaces;-;Mexique;M;60;;
708;EL43170;EL-B4745;Papilio;Heraclides;pharnaces;-;Mexique;F;60;;
709;EL43171;EL-B4745;Papilio;Heraclides;pharnaces;-;Mexique;F;60;;
710;EL43172;EL-B4746;Papilio;Heraclides;rogeri;-;Mexique;F;60;;
711;EL43173;EL-B4747;Papilio;Heraclides;thersites;-;Jamaïque;M;60;;
712;EL43174;EL-B4747;Papilio;Heraclides;thersites;-;Jamaïque;M;60;;
713;EL43175;EL-B4747;Papilio;Heraclides;thersites;-;Jamaïque;F;60;;
714;EL43176;EL-B4748;Papilio;Druryia;antimachus;-;RCA;M;70;;
715;EL43177;EL-B4748;Papilio;Druryia;antimachus;-;Afrique occientale;M;70;;
716;EL43178;EL-B4749;Papilio;Druryia;nireus;nireus;Sierra-Léone;F;60;;
717;EL43179;EL-B4749;Papilio;Druryia;nireus;nireus;Ouganda;F;60;;
718;EL43180;EL-B4750;Papilio;Druryia;nireus;nireus;Libéria;M;60;;
719;EL43181;EL-B4750;Papilio;Druryia;nireus;nireus;Guinée Equatoriale;M;60;;
720;EL43182;EL-B4752;Papilio;Druryia;zalmoxis;-;Congo;M;70;;
721;EL43183;EL-B4752;Papilio;Druryia;zalmoxis;-;Libéria;M;70;;
722;EL43184;EL-B4751;Teinopalpus;-;imperialis;imperialis;Inde;M;60;;
723;EL43185;EL-B4751;Teinopalpus;-;imperialis;imperialis;Inde;M;60;;
724;EL43186;EL-B4751;Teinopalpus;-;imperialis;imperialis;Inde;F;60;;
725;EL43187;EL-B4751;Teinopalpus;-;imperialis;imperialis;Inde;F;60;;
726;EL43188;EL-B4753;Meandrusa;-;sciron;hercules;Thibet;M;60;;
727;EL43189;EL-B4753;Meandrusa;-;sciron;hercules;Thibet;M;60;;
728;EL43190;EL-B4754;Meandrusa;-;payeni;evan;Inde;M;60;;
729;EL43191;EL-B4754;Meandrusa;-;payeni;evan;Inde;M;60;;
730;EL43192;EL-B4754;Meandrusa;-;payeni;evan;Inde;F;60;;
731;EL43193;EL-B4754;Meandrusa;-;payeni;evan;Inde;F;60;;
732;EL43194;EL-B4755;Atrophaneura;Atrophaneura;dixoni;-;Indonésie (Célèbes);M;60;;
733;EL43195;EL-B4755;Atrophaneura;Atrophaneura;dixoni;-;Indonésie (Célèbes);M;60;;
734;EL43196;EL-B4755;Atrophaneura;Atrophaneura;priapus;dilutus;Taiwan;M;60;;
735;EL43197;EL-B4755;Atrophaneura;Atrophaneura;priapus;dilutus;Taiwan;M;60;;
736;EL43198;EL-B4755;Atrophaneura;Atrophaneura;priapus;dilutus;Taiwan;F;60;;
737;EL43199;EL-B4755;Atrophaneura;Atrophaneura;priapus;dilutus;Taiwan;F;60;;
738;EL43204;EL-B4756;Atrophaneura;Atrophaneura;nox;nox;Indonésie (Java);M;60;;
739;EL43205;EL-B4756;Atrophaneura;Atrophaneura;nox;nox;Indonésie (Java);M;60;;
740;EL43206;EL-B4756;Atrophaneura;Atrophaneura;nox;nox;Indonésie (Java);F;60;;
741;EL43207;EL-B4756;Atrophaneura;Atrophaneura;nox;nox;Indonésie (Java);F;60;;
742;EL43208;EL-B4757;Atrophaneura;Atrophaneura;varuna;astorion;Inde;M;60;;
743;EL43209;EL-B4757;Atrophaneura;Atrophaneura;varuna;astorion;Inde;M;60;;
744;EL43210;EL-B4756;Atrophaneura;Atrophaneura;varuna;astorion;Inde;F;60;;
745;EL43211;EL-B4756;Atrophaneura;Atrophaneura;varuna;astorion;Inde;F;60;;
746;EL43212;EL-B4758;Byasa;-;alcinous;alcinous;Japon;M;60;;
747;EL43213;EL-B4758;Byasa;-;alcinous;alcinous;Japon;M;60;;
748;EL43214;EL-B4759;Byasa;-;alcinous;alcinous;Japon;F;60;;ant.droite+post.gauche
749;EL43215;EL-B4759;Byasa;-;alcinous;alcinous;Japon;F;60;;
750;EL43216;EL-B4760;Byasa;-;dasarada;dasarada;Inde;M;60;;
751;EL43217;EL-B4760;Byasa;-;dasarada;dasarada;Inde;M;60;;
752;EL43218;EL-B4760;Byasa;-;dasarada;dasarada;Inde;F;60;;
753;EL43219;EL-B4760;Byasa;--;dasarada;dasarada;Inde;F;60;;
754;EL43220;EL-B4758;Byasa;-;impediens;-;Chine;M;60;;
755;EL43221;EL-B4758;Byasa;-;impediens;-;Chine;M;60;;
756;EL43222;EL-B4758;Byasa;-;impediens;-;Chine;F;60;;post.droite
757;EL43223;EL-B4758;Byasa;-;impediens;-;Chine;F;60;;
758;EL43224;EL-B4761;Byasa;-;mencius;-;Chine;M;60;;
759;EL43225;EL-B4761;Byasa;-;mencius;-;Chine;M;60;;
760;EL43226;EL-B4761;Byasa;-;mencius;-;Chine;F;60;;
761;EL43227;EL-B4761;Byasa;-;mencius;-;Chine;F;60;;
762;EL43228;EL-B4762;Byasa;-;plutonius;plutonius;Indonésie (Bali);M;60;;
763;EL43229;EL-B4762;Byasa;-;plutonius;plutonius;Indonésie (Bali);M;60;;
764;EL43230;EL-B4762;Byasa;-;plutonius;plutonius;Thibet;F;60;;
765;EL43231;EL-B4762;Byasa;-;plutonius;pembertoni;Thibet;F;60;;
766;EL43232;EL-B4763;Byasa;-;polyeuctes;polyeuctes;Indonésie (Sumatra);M;60;;
767;EL43233;EL-B4763;Byasa;-;polyeuctes;polyeuctes;Inde;M;60;;
768;EL43234;EL-B4764;Losaria;-;neptunus;doris;Indonésie (Bornéo);M;60;;
769;EL43235;EL-B4764;Losaria;-;neptunus;sumatrana;Indonésie (Sumatra);F;60;;
770;EL43236;EL-B4764;Losaria;-;neptunus;fehri;NA;M;60;;
771;EL43237;EL-B4764;Losaria;-;coon;coon;Indonésie (Java);M;60;;
772;EL43238;EL-B4764;Losaria;-;coon;coon;Indonésie (Java);M;60;;
773;EL43239;EL-B4765;Losaria;-;coon;coon;Indonésie (Java);F;60;;
774;EL43240;EL-B4765;Losaria;-;coon;coon;Indonésie (Java);F;60;;
775;EL43241;EL-B4766;Pachliopta;-;aristolochiae;goniopeltis;Vietnam;M;60;;
776;EL43242;EL-B4766;Pachliopta;-;aristolochiae;goniopeltis;Vietnam;M;60;;
777;EL43243;EL-B4766;Pachliopta;-;aristolochiae;goniopeltis;Vietnam;F;60;;
778;EL43244;EL-B4766;Pachliopta;-;aristolochiae;goniopeltis;Vietnam;F;60;;
779;EL43245;EL-B4767;Pachliopta;-;hector ;-;Inde;M;60;;
780;EL43246;EL-B4767;Pachliopta;-;hector ;-;Inde;M;60;;
781;EL43247;EL-B4767;Pachliopta;-;hector ;-;Inde;F;60;;
782;EL43248;EL-B4767;Pachliopta;-;hector ;-;Inde;F;60;;
783;EL43249;EL-B4768;Pachliopta;-;liris;aberrans;Indonésie (Tanimbar);M;60;;
784;ACC0001;EL-B4768;Pachliopta;-;liris;aberrans;Indonésie (Leti);M;60;;
785;ACC0002;EL-B4768;Pachliopta;-;liris;aberrans;Indonésie (Tanimbar);F;60;;
786;ACC0003;EL-B4768;Pachliopta;-;liris;aberrans;Indonésie (Tanimbar);F;60;;
787;ACC0004;EL-B4769;Pachliopta;-;polydorus;polydorus;Indonésie (Amboine);M;60;;
788;ACC0005;EL-B4769;Pachliopta;-;polydorus;polydorus;Indonésie (Amboine);M;60;;
789;ACC0006;EL-B4769;Pachliopta;-;polydorus;septentrionalis;Indonésie (Moluques);F;60;;
790;ACC0007;EL-B4769;Pachliopta;-;polydorus;septentrionalis;Indonésie (Bacan);F;60;;
791;ACC0008;EL-B4770;Cressida;-;cressida;-;Tasmanie;M;60;;
792;ACC0009;EL-B4770;Cressida;-;cressida;-;Australie;M;60;;
793;ACC0010;EL-B4770;Cressida;-;cressida;-;Indonésie (Moluques);F;60;;
794;ACC0011;EL-B4770;Cressida;-;cressida;-;Australie;F;60;;
795;ACC0012;EL-B4771;Pharmacophagus;-;antenor;-;Madagascar;M;60;;
796;ACC0013;EL-B4771;Pharmacophagus;-;antenor;-;Madagascar;M;60;;
797;ACC0014;EL-B4771;Pharmacophagus;-;antenor;-;Madagascar;F;65;;ant.droite+post.gauche
798;ACC0015;EL-B4771;Pharmacophagus;-;antenor;-;Madagascar;F;60;;
799;ACC0016;EL-B4772;Troides;-;aeacus;aeacus;Thaïlande;M;60;;
800;ACC0017;EL-B4772;Troides;-;aeacus;aeacus;Chine;M;60;;
801;ACC0018;EL-B4772;Troides;-;aeacus;aeacus;Chine;F;60;;
802;ACC0019;EL-B4772;Troides;-;aeacus;aeacus;Vietnam;F;60;;
803;ACC0020;EL-B4773;Troides;-;helena;helena;Indonésie (Java);M;60;;
804;ACC0021;EL-B4773;Troides;-;helena;helena;Indonésie (Java);M;60;;
805;ACC0022;EL-B4774;Troides;-;helena;helena;Indonésie (Java);F;60;pompeus;
806;ACC0023;EL-B4774;Troides;-;helena;helena;Indonésie (Java);F;60;pompeus;
807;ACC0024;EL-B4775;Troides;-;prattorum;-;Indonésie (Moluques);M;70;;
808;ACC0025;EL-B4775;Troides;-;prattorum;-;Indonésie (Moluques);M;70;;
809;ACC0026;EL-B4775;Troides;-;prattorum;-;Indonésie (Moluques);F;70;;
810;ACC0027;EL-B4775;Troides;-;prattorum;-;Indonésie (Moluques);F;70;;
811;ACC0028;EL-B4776;Troides;-;haliphron;haliphron;Indonésie (Célèbes);M;60;;
812;ACC0029;EL-B4776;Troides;-;haliphron;haliphron;Indonésie (Célèbes);M;60;;
813;ACC0030;EL-B4777;Troides;-;haliphron;haliphron;Indonésie (Célèbes);F;60;;ant.droite+post.droite
814;ACC0031;EL-B4777;Troides;-;haliphron;haliphron;Indonésie (Célèbes);F;60;;
815;ACC0032;EL-B4778;Troides;-;staudingeri;iris;Indonésie (Leti);M;60;;ant.gauche+post.droite
816;ACC0033;EL-B4778;Troides;-;staudingeri;iris;Indonésie (Leti);F;60;;
817;ACC0034;EL-B4778;Troides;-;staudingeri;staudingeri;NA;M;60;;
818;ACC0035;EL-B4779;Troides;-;amphrysus;amphrysus;Indonésie (Java);M;60;;
819;ACC0036;EL-B4779;Troides;-;amphrysus;amphrysus;Indonésie (Java);M;60;;
820;ACC0037;EL-B4779;Troides;-;amphrysus;amphrysus;Indonésie (Java);F;60;;
821;ACC0038;EL-B4779;Troides;-;amphrysus;amphrysus;Indonésie (Java);F;60;;
822;ACC0039;EL-B4780;Troides;-;hypolitus;hypolitus;Indonésie (Amboine);M;60;;
823;ACC0040;EL-B4780;Troides;-;hypolitus;hypolitus;Indonésie (Amboine);M;60;;
824;ACC0041;EL-B4781;Troides;-;hypolitus;hypolitus;Indonésie (Amboine);F;60;;
825;ACC0042;EL-B4781;Troides;-;hypolitus;hypolitus;Indonésie (Amboine);F;60;;
826;ACC0043;EL-B4782;Troides;-;andromache;andromache;Indonésie (Bornéo);M;60;;
827;ACC0044;EL-B4782;Troides;-;andromache;andromache;Indonésie (Bornéo);M;60;;
828;ACC0045;EL-B4782;Troides;-;andromache;andromache;Indonésie (Bornéo);F;60;;
829;ACC0046;EL-B4782;Troides;-;andromache;andromache;Indonésie (Bornéo);F;60;;
830;ACC0047;EL-B4783;Troides;-;criton;criton;Indonésie (Bacan);M;60;;
831;ACC0048;EL-B4783;Troides;-;criton;criton;Indonésie (Bacan);M;60;;
832;ACC0049;EL-B4784;Troides;-;criton;criton;Indonésie (Bacan);F;60;androgyna;
833;ACC0050;EL-B4784;Troides;-;criton;criton;Indonésie (Bacan);F;60;androgyna;
834;ACC0051;EL-B4785;Troides;-;cuneifera;cuneifera;Indonésie (Java);M;60;;
835;ACC0052;EL-B4785;Troides;-;cuneifera;cuneifera;Indonésie (Java);M;60;;
836;ACC0053;EL-B4785;Troides;-;cuneifera;cuneifera;Indonésie (Java);F;60;;
837;ACC0054;EL-B4785;Troides;-;cuneifera;cuneifera;Indonésie (Java);F;60;;
838;ACC0055;EL-B4786;Troides;-;magellanus;sonani;Taiwan;M;60;;
839;ACC0056;EL-B4786;Troides;-;magellanus;sonani;Taiwan;M;60;;
840;ACC0057;EL-B4786;Troides;-;magellanus;sonani;Taiwan;F;60;;
841;ACC0058;EL-B4786;Troides;-;magellanus;sonani;Taiwan;F;60;;
842;ACC0059;EL-B4787;Troides;-;minos;minos;Inde;M;60;;
843;ACC0060;EL-B4787;Troides;-;minos;minos;Inde;M;60;;
844;ACC0061;EL-B4788;Troides;-;minos;minos;Inde;F;60;;
845;ACC0062;EL-B4788;Troides;-;minos;minos;Inde;F;60;;post.droite
846;ACC0063;EL-B4789;Troides;-;miranda;miranda;Indonésie (Bornéo);M;60;;
847;ACC0064;EL-B4789;Troides;-;miranda;miranda;Indonésie (Bornéo);M;60;;
848;ACC0065;EL-B4789;Troides;-;miranda;miranda;Indonésie (Bornéo);F;60;;ant.droite+post.droite
849;ACC0066;EL-B4789;Troides;-;miranda;miranda;Indonésie (Bornéo);F;60;;
850;ACC0067;EL-B4790;Troides;-;oblongomaculatus;oblongomaculatus;Indonésie (Ceram);M;60;;
851;ACC0068;EL-B4790;Troides;-;oblongomaculatus;oblongomaculatus;Indonésie (Ceram);M;60;;
852;ACC0069;EL-B4791;Troides;-;oblongomaculatus;oblongomaculatus;Indonésie (Ceram);F;60;;
853;ACC0070;EL-B4791;Troides;-;oblongomaculatus;oblongomaculatus;Indonésie (Amboine);F;60;;
854;ACC0071;EL-B4792;Troides;-;rhadamantus;rhadamantus;Philippines (Mindanao);M;60;;
855;ACC0072;EL-B4792;Troides;-;rhadamantus;rhadamantus;Philippines (Mindanao);M;60;;
856;ACC0073;EL-B4792;Troides;-;rhadamantus;rhadamantus;Philippines (Mindanao);F;60;;
857;ACC0074;EL-B4792;Troides;-;rhadamantus;rhadamantus;Philippines (Mindanao);F;60;;
858;ACC0075;EL-B4783;Troides;-;riedeli;-;Indonésie (Timor);M;60;;
859;ACC0076;EL-B4783;Troides;-;riedeli;-;Indonésie (Timor);F;60;;
860;ACC0077;EL-B4793;Troides;-;vandepolli;vandepolli;NA;M;60;;
861;ACC0078;EL-B4793;Troides;-;vandepolli;vandepolli;Indonésie (Java);F;60;;
862;ACC0079;EL-B4793;Troides;-;vandepolli;vandepolli;NA;F;60;;
863;ACC0080;EL-B4050;Trogonoptera;-;brookiana;brookiana;Malaisie;M;60;;
864;ACC0081;EL-B4050;Trogonoptera;-;brookiana;brookiana;Indonésie (Bornéo);M;60;;
865;ACC0082;EL-B4050;Trogonoptera;-;brookiana;brookiana;Indonésie (Bornéo);F;60;;
866;ACC0083;EL-B4050;Trogonoptera;-;brookiana;brookiana;Indonésie (Bornéo);F;60;;
867;ACC0084;EL-B4059;Trogonoptera;-;trojana;trojana;Philippines (Palawan);M;65;;
868;ACC0085;EL-B4059;Trogonoptera;-;trojana;trojana;Philippines (Palawan);M;65;;
869;ACC0086;EL-B4059;Trogonoptera;-;trojana;trojana;Philippines (Palawan);F;65;;
870;ACC0087;EL-B4059;Trogonoptera;-;trojana;trojana;Philippines;F;65;;
871;ACC0088;EL-B4794;Euryades;-;corethrus;-;Brésil;M;60;;
872;ACC0089;EL-B4794;Euryades;-;corethrus;-;NA;M;60;;
873;ACC0090;EL-B4794;Euryades;-;corethrus;-;Brésil;F;60;;
874;ACC0091;EL-B4794;Euryades;-;corethrus;-;Brésil;F;60;;
875;ACC0092;EL-B4794;Euryades;-;duponchelii;-;Paraguay;M;60;;
876;ACC0093;EL-B4794;Euryades;-;duponchelii;-;Argentine;M;60;;
877;ACC0094;EL-B4794;Euryades;-;duponchelii;-;Brésil;F;60;;
878;ACC0095;EL-B4794;Euryades;-;duponchelii;-;Argentine;F;60;;
879;ACC0096;EL-B4795;Parides;-;aeneas;aeneas;Suriname;M;60;;
880;ACC0097;EL-B4795;Parides;-;aeneas;aeneas;Suriname;M;60;;
881;ACC0098;EL-B4795;Parides;-;aeneas;aeneas;Guyane;F;60;;
882;ACC0099;EL-B4795;Parides;-;aeneas;aeneas;Suriname;F;60;specularis;
883;ACC0100;EL-B4796;Parides;-;tros;-;Brésil;M;60;;
884;ACC0101;EL-B4796;Parides;-;tros;-;Brésil;M;60;;
885;ACC0102;EL-B4796;Parides;-;tros;-;Brésil;F;60;;
886;ACC0103;EL-B4796;Parides;-;tros;-;Brésil;F;60;;
887;ACC0104;EL-B4797;Parides;-;panthonus;panthonus;Guyane;M;60;;
888;ACC0105;EL-B4797;Parides;-;panthonus;panthonus;Guyane;M;60;;
889;ACC0106;EL-B4797;Parides;-;panthonus;panthonus;Guyane;F;60;;
890;ACC0107;EL-B4797;Parides;-;panthonus;panthonus;Guyane;F;60;;
891;ACC0108;BAC-0001;Parides;-;lysander;lysander;Guyane;M;60;;
892;ACC0109;BAC-0001;Parides;-;lysander;lysander;Guyane;M;60;;
893;ACC0110;BAC-0001;Parides;-;lysander;lysander;Guyane;F;60;arbates;
894;ACC0111;BAC-0001;Parides;-;lysander;lysander;Guyane;F;60;parsodes;
895;ACC0112;BAC-0002;Parides;-;eurimedes;eurimedes;Venezuela;M;60;;
896;ACC0113;BAC-0002;Parides;-;eurimedes;eurimedes;Venezuela;M;60;;
897;ACC0114;BAC-0002;Parides;-;eurimedes;eurimedes;Venezuela;F;60;;
898;ACC0115;BAC-0002;Parides;-;eurimedes;eurimedes;Guyane;F;60;;
899;ACC0116;BAC-0002;Parides;-;zacynthus;zacynthus;Brésil;F;60;;
900;ACC0117;BAC-0002;Parides;-;zacynthus;zacynthus;Brésil;F;60;;
901;ACC0118;BAC-0003;Parides;-;zacynthus;zacynthus;Brésil;M;60;;
902;ACC0119;BAC-0003;Parides;-;zacynthus;zacynthus;Brésil;M;60;;
903;ACC0120;BAC-0004;Parides;-;neophilus;neophilus;Guyane;M;60;;
904;ACC0121;BAC-0004;Parides;-;neophilus;neophilus;Guyane;M;60;;
905;ACC0122;BAC-0004;Parides;-;neophilus;neophilus;Guyane;F;60;;
906;ACC0123;BAC-0004;Parides;-;neophilus;neophilus;Guyane;F;60;;
907;ACC0124;BAC-0005;Parides;-;anchises;anchises;Guyane;M;60;;
908;ACC0125;BAC-0005;Parides;-;anchises;anchises;Guyane;M;60;;
909;ACC0126;BAC-0005;Parides;-;anchises;anchises;Guyane;F;60;;
910;ACC0127;BAC-0005;Parides;-;anchises;anchises;Guyane;F;60;;
911;ACC0128;BAC-0006;Parides;-;vertumnus;vertumnus;Guyane;M;60;;
912;ACC0129;BAC-0006;Parides;-;vertumnus;vertumnus;Guyane;M;60;;
913;ACC0130;BAC-0006;Parides;-;vertumnus;vertumnus;Guyane;F;60;;
914;ACC0131;BAC-0006;Parides;-;vertumnus;vertumnus;Guyane;F;60;;
915;ACC0132;BAC-0007;Parides;-;sesostris;sesostris;Guyane;M;60;;
916;ACC0133;BAC-0007;Parides;-;sesostris;sesostris;Colombie;M;60;;
917;ACC0134;BAC-0007;Parides;-;sesostris;sesostris;NA;F;60;;
918;ACC0135;BAC-0007;Parides;-;sesostris;sesostris;Guyane;F;60;;ant.droite+post.droite
919;ACC0136;BAC-0008;Parides;-;photinus;photinus;Mexique;M;60;;
920;ACC0137;BAC-0008;Parides;-;photinus;photinus;Mexique;M;60;;
921;ACC0138;BAC-0008;Parides;-;photinus;photinus;Honduras;F;60;;
922;ACC0139;BAC-0009;Parides;-;photinus;photinus;Mexique;F;60;;
923;ACC0140;BAC-0009;Parides;-;montezuma;-;Mexique;M;60;;
924;ACC0141;BAC-0009;Parides;-;montezuma;-;Nicaragua;M;60;;
925;ACC0142;BAC-0009;Parides;-;montezuma;-;Honduras;F;60;;
926;ACC0143;BAC-0009;Parides;-;montezuma;-;Mexique;F;60;;
927;ACC0144;BAC-0010;Parides;-;childrenae;oedippus;Colombie;M;60;;
928;ACC0145;BAC-0010;Parides;-;childrenae;oedippus;NA;M;60;;
929;ACC0146;BAC-0010;Parides;-;childrenae;oedippus;Colombie;F;60;;
930;ACC0147;BAC-0010;Parides;-;childrenae;oedippus;NA;F;60;;
931;ACC0148;BAC-0010;Parides;-;ascanius;-;Brésil;M;60;;
932;ACC0149;BAC-0010;Parides;-;ascanius;-;Brésil;M;60;;
933;ACC0150;BAC-0010;Parides;-;ascanius;-;Brésil;F;60;;ant.droite+post.droite
934;ACC0151;BAC-0010;Parides;-;ascanius;-;Brésil;F;60;;ant.droite+post.droite
935;ACC0152;BAC-0011;Parides;-;chabrias;chabrias;Pérou;M;60;;
936;ACC0153;BAC-0011;Parides;-;chabrias;chabrias;Pérou;M;60;;
937;ACC0154;BAC-0011;Parides;-;chabrias;chabrias;Pérou;F;60;;
938;ACC0155;BAC-0011;Parides;-;chabrias;chabrias;Pérou;F;60;;
939;ACC0156;BAC-0012;Parides;-;agavus;-;Equateur;M;60;;
940;ACC0157;BAC-0012;Parides;-;agavus;-;Brésil;M;60;;
941;ACC0158;BAC-0012;Parides;-;agavus;-;Brésil;F;60;;
942;ACC0159;BAC-0012;Parides;-;agavus;-;Brésil;F;60;;
943;ACC0160;BAC-0013;Parides;-;proneus;-;Brésil;M;60;;
944;ACC0161;BAC-0013;Parides;-;proneus;-;Brésil;M;60;;
945;ACC0162;BAC-0013;Parides;-;proneus;-;Brésil;F;60;;
946;ACC0163;BAC-0013;Parides;-;proneus;-;Brésil;F;60;;ant.droite+post.droite
947;ACC0164;BAC-0014;Parides;-;bunichus;bunichus;Brésil;M;60;;
948;ACC0165;BAC-0014;Parides;-;bunichus;bunichus;Brésil;M;60;;
949;ACC0166;BAC-0014;Parides;-;bunichus;bunichus;Brésil;F;60;;
950;ACC0167;BAC-0014;Parides;-;bunichus;bunichus;Brésil;F;60;;
951;ACC0168;BAC-0015;Parides;-;erithalion;erithalion;Colombie;M;60;;
952;ACC0169;BAC-0015;Parides;-;erithalion;erithalion;Colombie;M;60;;
953;ACC0170;BAC-0015;Parides;-;erithalion;erithalion;Colombie;F;60;;
954;ACC0171;BAC-0015;Parides;-;erithalion;erithalion;Colombie;F;60;;
955;ACC0172;BAC-0016;Parides;-;iphidamas;iphidamas;Mexique;M;60;;
956;ACC0173;BAC-0016;Parides;-;iphidamas;iphidamas;Mexique;M;60;;
957;ACC0174;BAC-0016;Parides;-;iphidamas;iphidamas;Mexique;F;60;;
958;ACC0175;BAC-0016;Parides;-;iphidamas;iphidamas;Mexique;F;60;;
959;ACC0176;BAC-0017;Parides;-;panares;lycimenes;Guatemala;M;60;;
960;ACC0177;BAC-0017;Parides;-;panares;lycimenes;Colombie;M;60;;
961;ACC0178;BAC-0017;Parides;-;panares;lycimenes;Mexique;F;60;;
962;ACC0179;BAC-0017;Parides;-;panares;lycimenes;Salvadore;F;60;;
963;ACC0180;BAC-0018;Battus;-;belus;belus;Brésil;M;60;;
964;ACC0181;BAC-0018;Battus;-;belus;belus;Pérou;M;60;;
965;ACC0182;BAC-0018;Battus;-;belus;belus;Guyane;F;60;;
966;ACC0183;BAC-0018;Battus;-;belus;belus;Equateur;F;60;;
967;ACC0184;BAC-0019;Battus;-;crassus;crassus;Paraguay;M;60;;
968;ACC0185;BAC-0019;Battus;-;crassus;crassus;Brésil;M;60;;
969;ACC0186;BAC-0019;Battus;-;crassus;crassus;Brésil;F;60;;
970;ACC0187;BAC-0019;Battus;-;crassus;crassus;Brésil;F;60;;
971;ACC0188;BAC-0020;Battus;-;polystictus;polystictus;Paraguay;M;60;;
972;ACC0189;BAC-0020;Battus;-;polystictus;polystictus;Brésil;M;60;;
973;ACC0190;BAC-0020;Battus;-;polystictus;polystictus;Brésil;F;60;;
974;ACC0191;BAC-0020;Battus;-;polystictus;polystictus;Pérou;F;60;;
975;ACC0192;BAC-0021;Battus;-;philenor;philenor;USA;M;60;;
976;ACC0193;BAC-0021;Battus;-;philenor;philenor;USA;M;60;;
977;ACC0194;BAC-0021;Battus;-;philenor;philenor;USA;F;60;;
978;ACC0195;BAC-0021;Battus;-;philenor;philenor;USA;F;60;;
979;ACC0196;BAC-0022;Battus;-;polydamas;polydamas;Trinité;F;60;;
980;ACC0197;BAC-0022;Battus;-;polydamas;polydamas;Argentine;M;60;;
981;ACC0198;BAC-0022;Battus;-;polydamas;polydamas;Trinité;M;60;;
982;ACC0199;BAC-0022;Battus;-;polydamas;polydamas;Venezuela;M;60;;
983;ACC0200;BAC-0023;Eurytides;-;serville;serville;Equateur;M;60;;
984;ACC0201;BAC-0023;Eurytides;-;serville;serville;Equateur;M;60;;
985;ACC0202;BAC-0024;Eurytides;-;orabilis;orabilis;Colombie;M;60;;
986;ACC0203;BAC-0024;Eurytides;-;orabilis;isocharis;Colombie;M;60;;
987;ACC0204;BAC-0024;Protographium;-;dioxippus;-;Colombie;M;60;;
988;ACC0205;BAC-0024;Protographium;-;dioxippus;-;Colombie;M;60;;
989;ACC0206;BAC-0026;Protesilaus;-;protesilaus;archesilaus;Colombie;M;60;;
990;ACC0207;BAC-0026;Protesilaus;-;protesilaus;archesilaus;Colombie;M;60;;
991;ACC0208;BAC-0026;Protesilaus;-;protesilaus;archesilaus;Colombie;F;60;;
992;ACC0209;BAC-0026;Protesilaus;-;protesilaus;archesilaus;Colombie;F;60;;
993;ACC0210;BAC-0025;Protesilaus;-;helios;-;Brésil;M;60;;
994;ACC0211;BAC-0027;Protesilaus;-;glaucolaus;glaucolaus;Colombie;M;60;;
995;ACC0212;BAC-0027;Protesilaus;-;glaucolaus;glaucolaus;Colombie;M;60;;
996;ACC0213;BAC-0028;Protesilaus;-;molops;molops;Colombie;M;60;;
997;ACC0214;BAC-0028;Protesilaus;-;molops;molops;Colombie;M;60;;
998;ACC0215;BAC-0028;Protesilaus;-;molops;aetherius;Guyane;F;60;;
999;ACC0216;BAC-0028;Protesilaus;-;molops;megalurus;Brésil;F;60;;
1000;ACC0217;BAC-0029;Protesilaus;-;telesilaus;telesilaus;Brésil;M;60;;
1001;ACC0218;BAC-0029;Protesilaus;-;telesilaus;telesilaus;Brésil;M;60;;
1002;ACC0219;BAC-0029;Protesilaus;-;telesilaus;telesilaus;Colombie;F;60;;
1003;ACC0220;BAC-0030;Mimoides;-;ilus;-;Panama;M;60;;
1004;ACC0221;BAC-0030;Mimoides;-;ilus;-;NA;M;60;;
1005;ACC0222;BAC-0031;Mimoides;-;euryleon;euryleon;Bolivie;F;60;;
1006;ACC0223;BAC-0031;Mimoides;-;euryleon;euryleon;Colombie;F;60;;
1007;ACC0224;BAC-0031;Mimoides;-;euryleon;euryleon;Colombie;M;60;;
1008;ACC0225;BAC-0031;Mimoides;-;euryleon;euryleon;Colombie;M;60;;
1009;ACC0226;BAC-0032;Mimoides;-;lysithous;lysithous;Brésil;M;60;;
1010;ACC0227;BAC-0032;Mimoides;-;lysithous;lysithous;Brésil;M;60;;
1011;ACC0228;BAC-0032;Mimoides;-;lysithous;lysithous;Brésil;F;60;;
1012;ACC0229;BAC-0032;Mimoides;-;lysithous;lysithous;Brésil;F;60;;
1013;ACC0230;BAC-0033;Mimoides;-;pausanias;pausanias;Equateur;M;60;;
1014;ACC0231;BAC-0033;Mimoides;-;pausanias;pausanias;Brésil;M;60;;
1015;ACC0232;BAC-0034;Protographium;-;marcellus;marcellus;USA;F;60;;
1016;ACC0233;BAC-0034;Protographium;-;marcellus;marcellus;Canada;F;60;;
1017;ACC0234;BAC-0034;Protographium;-;marcellus;marcellus;USA;M;60;;
1018;ACC0235;BAC-0034;Protographium;-;marcellus;marcellus;USA;M;60;;
1019;ACC0236;BAC-0035;Protographium;-;asius;-;Brésil;M;60;;
1020;ACC0237;BAC-0035;Protographium;-;asius;-;Brésil;M;60;;
1021;ACC0238;BAC-0035;Protographium;-;asius;-;Brésil;F;60;;
1022;ACC0239;BAC-0036;Protographium;-;epidaus;epidaus;Guatemala;M;60;;
1023;ACC0240;BAC-0036;Protographium;-;epidaus;fenochionis;Costa Rica;M;60;;
1024;ACC0241;BAC-0036;Protographium;-;epidaus;fenochionis;Costa Rica;F;60;;
1025;ACC0242;BAC-0037;Protographium;-;leosthenes;leosthenes;Australie;M;60;;
1026;ACC0243;BAC-0037;Protographium;-;leosthenes;leosthenes;Australie;M;60;;
1027;ACC0244;BAC-0037;Protographium;-;leosthenes;leosthenes;Australie;F;60;;
1028;ACC0245;BAC-0037;Protographium;-;leosthenes;leosthenes;Australie;F;60;;
1029;ACC0246;BAC-0038;Protographium;-;leucaspis;lamis;USA;M;60;;
1030;ACC0247;BAC-0038;Protographium;-;leucaspis;lamis;Equateur;M;60;;
1031;ACC0248;BAC-0039;Protographium;-;philolaus;-;Mexique;M;60;;
1032;ACC0249;BAC-0039;Protographium;-;philolaus;-;Guatemala;M;60;;
1033;ACC0250;BAC-0039;Protographium;-;philolaus;-;Mexique;F;60;;
1034;ACC0251;BAC-0040;Protographium;-;thyastes;thyastes;Pérou;M;60;;
1035;ACC0252;BAC-0040;Protographium;-;thyastes;thyastes;Brésil;M;60;;
1036;ACC0253;BAC-0041;Lamproptera;-;curius;-;Chine;M;45;;
1037;ACC0254;BAC-0041;Lamproptera;-;curius;-;Inde;M;45;walkeri;
1038;ACC0255;BAC-0041;Lamproptera;-;curius;-;Chine;F;45;walkeri;
1039;ACC0256;BAC-0041;Lamproptera;-;curius;-;Chine;F;45;;
1040;ACC0257;BAC-0041;Lamproptera;-;meges;-;Chine;M;45;virescens;
1041;ACC0258;BAC-0041;Lamproptera;-;meges;-;Chine;M;45;virescens;
1042;ACC0259;BAC-0041;Lamproptera;-;meges;-;Laos;F;45;virescens;
1043;ACC0260;BAC-0042;Graphium;-;agamemnon;agamemnon;Inde;M;55;;
1044;ACC0261;BAC-0042;Graphium;-;agamemnon;agamemnon;Chine;M;55;;
1045;ACC0262;BAC-0043;Graphium;-;agamemnon;agamemnon;Malaisie;F;55;;
1046;ACC0263;BAC-0043;Graphium;-;agamemnon;agamemnon;Vietnam;F;55;;
1047;ACC0264;BAC-0044;Graphium;-;sarpedon;sarpedon;Indonésie (Java);M;55;;
1048;ACC0265;BAC-0044;Graphium;-;sarpedon;sarpedon;Inde;M;55;;
1049;ACC0266;BAC-0045;Graphium;-;sarpedon;sarpedon;Chine;F;55;;
1050;ACC0267;BAC-0045;Graphium;-;sarpedon;sarpedon;Indonésie (Sumatra);F;55;;
1051;ACC0268;BAC-0046;Graphium;-;doson;doson;Inde;M;55;;
1052;ACC0269;BAC-0046;Graphium;-;doson;doson;Inde;M;55;;
1053;ACC0270;BAC-0046;Graphium;-;doson;doson;Vietnam;F;55;;
1054;ACC0271;BAC-0046;Graphium;-;doson;doson;Chine;F;55;;
1055;EL75300;EL-B4798;Graphium;-;arycles;arycles;Malaisie;F;55;;
1056;EL75301;EL-B4798;Graphium;-;arycles;arycles;Malaisie;F;55;;
1057;EL75302;EL-B4798;Graphium;-;arycles;arycles;Malaisie;M;55;;
1058;EL75303;EL-B4798;Graphium;-;arycles;arycles;Malaisie;M;55;;
1059;EL75304;EL-B4799;Graphium;-;bathycles;bathycles;Indonésie (Java);M;55;;
1060;EL75305;EL-B4799;Graphium;-;bathycles;bathycles;Indonésie (Java);M;55;;
1061;EL75306;EL-B4799;Graphium;-;eurypylus;eurypylus;NA;M;55;;
1062;EL75307;EL-B4799;Graphium;-;eurypylus;eurypylus;NA;M;55;;
1063;EL75308;EL-B4799;Graphium;-;meyeri;meyeri;Indonésie (Célèbes);M;55;;
1064;EL75309;EL-B4799;Graphium;-;meyeri;meyeri;Indonésie (Célèbes);M;55;;
1065;EL75310;EL-B4799;Graphium;-;meyeri;extremum;Indonésie (Célèbes);F;55;;
1066;EL75311;EL-B4800;Graphium;-;chironides;chironides;Vietnam;M;55;;
1067;EL75312;EL-B4800;Graphium;-;chironides;chironides;Vietnam;M;55;;
1068;EL75313;EL-B4801;Graphium;Pathysa;antiphates;pompilius;Vietnam;M;55;;
1069;EL75314;EL-B4801;Graphium;Pathysa;antiphates;pompilius;Vietnam;M;55;;
1070;EL75315;EL-B4801;Graphium;Pathysa;antiphates;pompilius;Vietnam;F;55;;
1071;EL75316;EL-B4802;Graphium;-;cloanthus;cloanthus;Bhoutan;M;55;;
1072;EL75317;EL-B4802;Graphium;-;cloanthus;cloanthus;Inde;M;55;;
1073;EL75318;EL-B4802;Graphium;-;cloanthus;cloanthus;Inde;F;55;;
1074;EL75319;EL-B4802;Graphium;-;cloanthus;cloanthus;Inde;F;55;;
1075;EL75320;EL-B4803;Graphium;-; codrus; codrus;Indonésie (Amboine);M;55;;
1076;EL75321;EL-B4803;Graphium;-; codrus; codrus;Indonésie (Amboine);F;55;;
1077;EL75322;EL-B4803;Graphium;-; codrus;medon;Nouvelle-Guinée;M;55;;
1078;EL75323;EL-B4803;Graphium;-; codrus;medon;Nouvelle-Guinée;F;55;;
1079;EL75324;EL-B4804;Graphium;-;empedovana;-;Indonésie (Bornéo);M;55;;
1080;EL75325;EL-B4804;Graphium;-;empedovana;-;Indonésie (Bornéo);M;55;;
1081;EL75326;EL-B4805;Graphium;-;evemon;albociliatus;Malaisie;M;55;;
1082;EL75327;EL-B4805;Graphium;-;evemon;albociliatus;Inde;M;55;;
1083;EL75328;EL-B4806;Graphium;-;evemon;albociliatus;Malaisie;F;55;;
1084;EL75329;EL-B4806;Graphium;-;evemon;albociliatus;Malaisie;F;55;;
1085;EL75330;EL-B4807;Graphium;-;leechi;-;Chine;M;55;;
1086;EL75331;EL-B4807;Graphium;-;wallacei;wallacei;Nouvelle-Guinée;M;55;;
1087;EL75332;EL-B4807;Graphium;-;wallacei;wallacei;NA;M;55;;
1088;EL75333;EL-B4807;Graphium;-;wallacei;wallacei;Indonésie (Amboine);F;55;;
1089;EL75334;EL-B4808;Graphium;-;macfarlanei;macfarlanei;Indonésie (Moluques);M;55;;
1090;EL75335;EL-B4808;Graphium;-;macfarlanei;macfarlanei;Indonésie (Célèbes);M;55;;
1091;EL75336;EL-B4808;Graphium;-;macfarlanei;macfarlanei;Indonésie (Célèbes);F;55;;
1092;EL75337;EL-B4808;Graphium;-;macfarlanei;macfarlanei;Indonésie (Moluques);F;55;;
1093;EL75338;EL-B4809;Graphium;-;macleayanus;macleayanus;Australie;M;55;;
1094;EL75339;EL-B4809;Graphium;-;macleayanus;macleayanus;Australie;M;55;;
1095;EL75340;EL-B4809;Graphium;-;macleayanus;macleayanus;Australie;F;55;;
1096;EL75341;EL-B4809;Graphium;-;macleayanus;macleayanus;Australie;F;55;;
1097;EL75342;EL-B4809;Graphium;-;weiskei;-;Nouvelle-Guinée;M;55;;
1098;EL75343;EL-B4809;Graphium;-;weiskei;-;Nouvelle-Guinée;M;55;;
1099;EL75344;EL-B4809;Graphium;-;weiskei;-;Nouvelle-Guinée;F;55;;
1100;EL75345;EL-B4809;Graphium;-;weiskei;-;Nouvelle-Guinée;F;55;;
1101;EL75346;EL-B4810;Graphium;-;milon;milon;Indonésie (Célèbes);M;55;;
1102;EL75347;EL-B4810;Graphium;-;milon;milon;Indonésie (Amboine);M;55;;
1103;EL75348;EL-B4811;Graphium;-;milon;anthedon;Indonésie (Ceram);F;55;;
1104;EL75349;EL-B4812;Graphium;Arisbe;adamastor;-;Côte d'Ivoire;M;55;;
1105;EL75350;EL-B4812;Graphium;Arisbe;adamastor;-;Bénin;M;55;;
1106;EL75351;EL-B4812;Graphium;Arisbe;adamastor;-;Côte d'Ivoire;F;55;;
1107;EL75352;EL-B4812;Graphium;Arisbe;adamastor;-;NA;F;55;;
1108;EL75353;EL-B4813;Graphium;Arisbe;angolanus;angolanus;Gabon;M;55;;
1109;EL75354;EL-B4813;Graphium;Arisbe;angolanus;angolanus;Congo;M;55;;
1110;EL75355;EL-B4814;Graphium;Arisbe;angolanus;angolanus;Syrie;F;55;;
1111;EL75356;EL-B4814;Graphium;Arisbe;angolanus;angolanus;Tanzanie;F;55;;
1112;EL75357;EL-B4815;Graphium;Arisbe;latreillianus;theorini;NA;F;55;;
1113;EL75358;EL-B4815;Graphium;Arisbe;latreillianus;theorini;Congo;M;55;;
1114;EL75359;EL-B4815;Graphium;Arisbe;latreillianus;theorini;Gabon;M;55;;
1115;EL75360;EL-B4816;Graphium;Arisbe;leonidas;leonidas;Tanzanie;M;55;;
1116;EL75361;EL-B4816;Graphium;Arisbe;leonidas;leonidas;Tanzanie;M;55;;
1117;EL75362;EL-B4816;Graphium;Arisbe;leonidas;leonidas;Bénin;F;55;;
1118;EL75363;EL-B4816;Graphium;Arisbe;leonidas;leonidas;Kenya;F;55;;
1119;EL75364;EL-B4817;Graphium;Arisbe;ridleyanus;ridleyanus;Congo;M;55;;
1120;EL75365;EL-B4817;Graphium;Arisbe;ridleyanus;ridleyanus;Gabon;M;55;;
1121;EL75366;EL-B4818;Graphium;Arisbe;ridleyanus;ridleyanus;RCA;F;55;;
1122;EL75367;EL-B4818;Graphium;Arisbe;ridleyanus;ridleyanus;Congo;F;55;;
1123;EL75368;EL-B4819;Graphium;Arisbe;tynderaeus;-;Sierra Léone;M;55;;
1124;EL75369;EL-B4819;Graphium;Arisbe;tynderaeus;-;RCA;M;55;;
1125;EL75370;EL-B4820;Graphium;Arisbe;tynderaeus;-;Congo;F;55;;
1126;EL75371;EL-B4820;Graphium;Arisbe;tynderaeus;-;Côte d'Ivoire;F;55;;
1127;EL75372;EL-B4821;Graphium;Paranticopsis;delessertii;delessertii;Indonésie (Bornéo);M;55;;
1128;EL75373;EL-B4821;Graphium;Paranticopsis;delessertii;delessertii;Malaisie;M;55;;
1129;EL75374;EL-B4822;Graphium;Paranticopsis;delessertii;delessertii;Malaisie;F;55;;
1130;EL75375;EL-B4822;Graphium;Paranticopsis;delessertii;delessertii;Malaisie;F;55;;
1131;EL75376;EL-B4823;Graphium;Paranticopsis;macareus;macareus;NA;M;55;;
1132;EL75377;EL-B4823;Graphium;Paranticopsis;macareus;macareus;Indonésie (Java);M;55;;
1133;EL75378;EL-B4823;Graphium;Paranticopsis;phidias;-;Vietnam;M;55;;
1134;EL75379;EL-B4823;Graphium;Paranticopsis;phidias;-;Vietnam;M;55;;
1135;EL75380;EL-B4824;Graphium;Paranticopsis;ramaceus;leucothoe;Malaisie;M;55;;
1136;EL75381;EL-B4824;Graphium;Paranticopsis;ramaceus;leucothoe;Malaisie;M;55;;
1137;EL75382;EL-B4825;Graphium;Paranticopsis;thule;-;Nouvelle-Guinée;M;55;;
1138;EL75383;EL-B4825;Graphium;Paranticopsis;thule;-;Nouvelle-Guinée;M;55;;
1139;EL75384;EL-B4826;Graphium;Paranticopsis;xenocles;xenocles;Inde;M;55;;
1140;EL75385;EL-B4826;Graphium;Paranticopsis;xenocles;xenocles;Inde;M;55;;
1141;EL75386;EL-B4827;Graphium;Paranticopsis;xenocles;xenocles;Inde;F;55;;
1142;EL75387;EL-B4827;Graphium;Paranticopsis;xenocles;xenocles;Inde;F;55;;
1143;EL75388;EL-B4828;Graphium;Pathysa;agetes;agetes;Thaïlande;M;55;;
1144;EL75389;EL-B4828;Graphium;Pathysa;agetes;agetes;Chine;M;55;;
1145;EL75390;EL-B4828;Graphium;Pathysa;agetes;agetes;NA;F;55;;
1146;EL75391;EL-B4828;Graphium;Pathysa;agetes;agetes;Inde;F;55;;
1147;EL75392;EL-B4829;Graphium;Pathysa;androcles;androcles;Indonésie (Célèbes);M;60;;
1148;EL75393;EL-B4829;Graphium;Pathysa;androcles;androcles;Indonésie (Célèbes);M;60;;
1149;EL75394;EL-B4830;Graphium;Pathysa;aristeus;anticrates;Inde;M;55;;
1150;EL75395;EL-B4830;Graphium;Pathysa;aristeus;anticrates;Inde;M;55;;
1151;EL75396;EL-B4829;Graphium;Pathysa;dorcus;dorcus;Indonésie (Célèbes);M;55;;ant.gauche+post.droit
1152;EL75397;EL-B4831;Graphium;Pathysa;nomius;nomius;Thaïlande;M;55;;
1153;EL75398;EL-B4831;Graphium;Pathysa;nomius;nomius;Thaïlande;M;55;;
1154;EL75399;EL-B4831;Graphium;Pathysa;nomius;nomius;Vietnam;F;55;;
1155;EL75400;EL-B4832;Graphium;Pathysa;nomius;nomius;Inde;F;55;;
1156;EL75401;EL-B4833;Graphium;Pazala;eurous;asakurae;Taïwan;M;55;;
1157;EL75402;EL-B4833;Graphium;Pazala;eurous;asakurae;Taïwan;F;55;;post.droit
1158;EL75403;EL-B4833;Graphium;Pazala;eurous;casehmirensis;NA;M;55;;
1159;EL75404;EL-B4833;Graphium;Pazala;eurous;casehmirensis;Bhoutan;F;55;;
1160;EL75405;EL-B4834;Graphium;Pazala;glycerion;-;Thibet;M;55;;
1161;EL75406;EL-B4834;Graphium;Pazala;glycerion;-;Chine;M;55;;
1162;EL75407;EL-B4835;Allancastria;-;cerisyi;cerisyi;Turquie;M;55;;
1163;EL75408;EL-B4835;Allancastria;-;cerisyi;cerisyi;Turquie;M;55;;
1164;EL75409;EL-B4835;Allancastria;-;cerisyi;cerisyi;Turquie;F;55;;
1165;EL75410;EL-B4835;Allancastria;-;cerisyi;cerisyi;Syrie;F;55;;
1166;EL75411;EL-B4836;Allancastria;-;cretica;cretica;Grèce (Crête);M;55;;
1167;EL75412;EL-B4836;Allancastria;-;cretica;cretica;Grèce (Crête);M;55;;
1168;EL75413;EL-B4836;Allancastria;-;cretica;cretica;Grèce (Crête);F;55;;
1169;EL75414;EL-B4836;Allancastria;-;cretica;cretica;Grèce (Crête);F;55;;
1170;EL75415;EL-B4837;Allancastria;-;deyrollei;deyrollei;Turquie;M;55;;
1171;EL75416;EL-B4837;Allancastria;-;deyrollei;deyrollei;Turquie;M;55;;
1172;EL75417;EL-B4837;Allancastria;-;deyrollei;deyrollei;Turquie;F;55;pallidior;
1173;EL75418;EL-B4837;Allancastria;-;deyrollei;deyrollei;Turquie;F;55;albidior;
1174;EL75419;EL-B4837;Allancastria;-;deyrollei;deyrollei;Turquie;F;55;typique;
1175;EL75420;EL-B4837;Allancastria;-;deyrollei;deyrollei;Turquie;F;55;obscurior;
1176;EL75421;EL-B4835;Allancastria;-;louristana;-;Iran;M;55;;
1177;EL75422;EL-B4835;Allancastria;-;louristana;-;Iran;M;55;;
1178;EL75423;EL-B4838;Zerynthia;-;polyxena;-;France;F;50;;
1179;EL75424;EL-B4838;Zerynthia;-;polyxena;-;France;F;50;;
1180;EL75425;EL-B4838;Zerynthia;-;polyxena;-;France;M;50;;
1181;EL75426;EL-B4838;Zerynthia;-;polyxena;-;France;M;50;;
1182;EL75427;EL-B4839;Zerynthia;-;rumina;rumina;Maroc;M;50;;
1183;EL75428;EL-B4839;Zerynthia;-;rumina;rumina;Espagne;M;50;;
1184;EL75429;EL-B4839;Zerynthia;-;rumina;rumina;Espagne;F;50;;
1185;EL75430;EL-B4839;Zerynthia;-;rumina;rumina;Algérie;F;50;;
1186;EL75431;EL-B4840;Bhutanitis;-;lidderdalii;-;Inde;M;60;;ant.gauche+post.gauche
1187;EL75432;EL-B4840;Bhutanitis;-;lidderdalii;-;Bhoutan;M;60;;
1188;EL75433;EL-B4840;Bhutanitis;-;thaidina;-;Thibet;F;60;;
1189;EL75434;EL-B4840;Bhutanitis;-;thaidina;-;Thibet;M;60;;
1190;EL75435;EL-B4840;Bhutanitis;-;thaidina;-;Thibet;M;60;;
1191;EL75436;EL-B4841;Sericinus;-;montela;montela;Chine;M;60;;
1192;EL75437;EL-B4841;Sericinus;-;montela;montela;Chine;M;60;;
1193;EL75438;EL-B4841;Sericinus;-;montela;montela;Chine;F;60;;
1194;EL75439;EL-B4842;Sericinus;-;montela;montela;Chine;F;60;;
1195;EL75440;EL-B4843;Archon;-;apollinus;apollinus;Syrie;M;50;;
1196;EL75441;EL-B4843;Archon;-;apollinus;apollinus;Syrie;M;50;;
1197;EL75442;EL-B4843;Archon;-;apollinus;apollinus;Syrie;F;50;;
1198;EL75443;EL-B4843;Archon;-;apollinus;apollinus;Syrie;F;50;;
1199;EL75444;EL-B4844;Archon;-;apollinaris;-;Arménie;M;50;;
1200;EL75445;EL-B4844;Archon;-;apollinaris;-;Arménie;M;50;;
1201;EL75446;EL-B4844;Archon;-;apollinaris;-;Kurdistan;F;50;;
1202;EL75447;EL-B4844;Archon;-;apollinaris;-;Arménie;F;50;;
1203;EL75448;EL-B4845;Luehdorfia;-;puziloi;-;Sibérie;F;50;;
1204;EL75449;EL-B4845;Luehdorfia;-;puziloi;-;Sibérie;F;50;;
1205;EL75450;EL-B4845;Luehdorfia;-;chinensis;-;Chine;F;50;;
1206;EL75451;EL-B4845;Luehdorfia;-;chinensis;-;Chine;F;50;;
1207;ACC0272;EL-B4845;Luehdorfia;-;puziloi;-;Sibérie;M;50;;
1208;ACC0273;EL-B4845;Luehdorfia;-;puziloi;-;Sibérie;M;50;;
1209;ACC0274;EL-B4845;Luehdorfia;-;chinensis;-;Chine;M;50;;
1210;ACC0275;EL-B4845;Luehdorfia;-;chinensis;-;Chine;M;50;;
1211;ACC0276;EL-B4845;Luehdorfia;-;japonica;-;Japon;M;50;;
1212;ACC0277;EL-B4845;Luehdorfia;-;japonica;-;Japon;M;50;;
1213;ACC0278;EL-B4845;Luehdorfia;-;japonica;-;Japon;F;50;;
1214;ACC0279;EL-B4845;Luehdorfia;-;japonica;-;Japon;F;50;;
1215;ACC0280;B0003930;Hypermnestra;-;helios;maxima;Ouzbékistan;M;50;;
1216;ACC0281;B0003930;Hypermnestra;-;helios;maxima;Ouzbékistan;M;50;;
1217;ACC0282;B0003930;Hypermnestra;-;helios;maxima;Turkestan;F;50;;
1218;ACC0283;B0003930;Hypermnestra;-;helios;maxima;Turkestan;F;50;;
1219;ACC0284;EL-B4846;Parnassius;Driopa;ariadne;clarius;Russie;M;50;;
1220;ACC0285;EL-B4846;Parnassius;Driopa;ariadne;clarius;Russie;M;50;;
1221;ACC0286;EL-B4846;Parnassius;Driopa;ariadne;clarius;Russie;F;50;;
1222;ACC0287;EL-B4846;Parnassius;Driopa;ariadne;clarius;Russie;F;50;;
1223;ACC0288;EL-B4847;Parnassius;Driopa;clodius;clodius;USA;M;50;;
1224;ACC0289;EL-B4847;Parnassius;Driopa;clodius;clodius;USA;M;50;;
1225;ACC0290;EL-B4847;Parnassius;Driopa;clodius;clodius;USA;F;50;;
1226;ACC0291;EL-B4847;Parnassius;Driopa;clodius;clodius;USA;F;50;;
1227;ACC0292;EL-B4848;Parnassius;Driopa;mnemosyne ;hunti;France;M;50;;
1228;ACC0293;EL-B4848;Parnassius;Driopa;mnemosyne ;hunti;France;M;50;;
1229;ACC0294;EL-B4848;Parnassius;Driopa;mnemosyne ;hunti;France;F;50;;
1230;ACC0295;EL-B4848;Parnassius;Driopa;mnemosyne ;hunti;France;F;50;;
1231;ACC0296;EL-B4849;Parnassius;Driopa;eversmanni;eversmanni;Serbie;M;50;;
1232;ACC0297;EL-B4849;Parnassius;Driopa;eversmanni;eversmanni;Serbie;M;50;;
1233;ACC0298;EL-B4849;Parnassius;Driopa;eversmanni;eversmanni;Serbie;F;50;;
1234;ACC0299;EL-B4849;Parnassius;Driopa;eversmanni;eversmanni;Serbie;F;50;;
1235;ACC0300;EL-B4850;Parnassius;Driopa;glacialis;naganoënsis;Japon;M;50;;
1236;ACC0301;EL-B4850;Parnassius;Driopa;glacialis;naganoënsis;Japon;M;50;;
1237;ACC0302;EL-B4850;Parnassius;Driopa;glacialis;naganoënsis;Japon;F;50;;
1238;ACC0303;EL-B4850;Parnassius;Driopa;glacialis;naganoënsis;Japon;F;50;;
1239;ACC0304;EL-B4850;Parnassius;Driopa;hoenei;-;Japon;M;50;;
1240;ACC0305;EL-B4850;Parnassius;Driopa;hoenei;-;Japon;M;50;;
1241;ACC0306;EL-B4851;Parnassius;Driopa;stubbendorfii;stubbendorfii;Sibérie;M;50;;
1242;ACC0307;EL-B4851;Parnassius;Driopa;stubbendorfii;stubbendorfii;Sibérie;M;50;;
1243;ACC0308;EL-B4851;Parnassius;Driopa;stubbendorfii;stubbendorfii;Sibérie;F;50;;
1244;ACC0309;EL-B4851;Parnassius;Driopa;stubbendorfii;stubbendorfii;Sibérie;F;50;;
1245;ACC0310;EL-B4852;Parnassius;Driopa;nordmanni;nordmanni;Caucase;M;50;;
1246;ACC0311;EL-B4852;Parnassius;Driopa;nordmanni;nordmanni;Caucase;M;50;;
1247;ACC0312;EL-B4852;Parnassius;Driopa;nordmanni;nordmanni;Caucase;F;50;;
1248;ACC0313;EL-B4852;Parnassius;Driopa;nordmanni;nordmanni;Caucase;F;50;;
1249;ACC0314;EL-B4853;Parnassius;Driopa;orleans;orleans;Chine;M;50;;
1250;ACC0315;EL-B4853;Parnassius;Driopa;orleans;orleans;Chine;M;50;;
1251;ACC0316;EL-B4853;Parnassius;Driopa;orleans;orleans;Chine;F;50;;
1252;ACC0317;EL-B4853;Parnassius;Driopa;orleans;orleans;Chine;F;50;;
1253;ACC0318;EL-B4854;Parnassius;Kailasius;autocrator;-;Afghanistan;M;50;;
1254;ACC0319;EL-B4854;Parnassius;Kailasius;autocrator;-;Afghanistan;M;50;;
1255;ACC0320;EL-B4854;Parnassius;Kailasius;autocrator;-;Afghanistan;F;50;;
1256;ACC0321;EL-B4854;Parnassius;Kailasius;autocrator;-;Afghanistan;F;50;;
1257;ACC0322;EL-B4854;Parnassius;Kailasius;loxias;loxias;Chine;M;50;;
1258;ACC0323;EL-B4855;Parnassius;Kailasius;charltonius;romanovi;Tadjikistan;M;50;;
1259;ACC0324;EL-B4855;Parnassius;Kailasius;charltonius;romanovi;Tadjikistan;M;50;;
1260;ACC0325;EL-B4855;Parnassius;Kailasius;charltonius;romanovi;Tadjikistan;F;50;;
1261;ACC0326;EL-B4855;Parnassius;Kailasius;charltonius;romanovi;Tadjikistan;F;50;;
1262;ACC0327;EL-B4856;Parnassius;Kailasius;inopinatus;-;Afghanistan;M;50;;
1263;ACC0328;EL-B4856;Parnassius;Kailasius;inopinatus;-;Afghanistan;M;50;;
1264;ACC0329;EL-B4856;Parnassius;Kailasius;inopinatus;-;Afghanistan;F;50;;
1265;ACC0330;EL-B4856;Parnassius;Kailasius;inopinatus;-;Afghanistan;F;50;;
1266;ACC0331;EL-B4857;Parnassius;Kailasius;augustus;-;Thibet;M;50;;
1267;ACC0332;EL-B4857;Parnassius;Kailasius;augustus;-;Thibet;F;50;;
1268;ACC0333;EL-B4857;Parnassius;Kailasius;augustus;-;Thibet;F;50;;
1269;ACC0334;EL-B4858;Parnassius;Kailasius;imperator;imperator;Chine;M;50;;
1270;ACC0335;EL-B4858;Parnassius;Kailasius;imperator;imperator;Chine;M;50;;
1271;ACC0336;EL-B4858;Parnassius;Kailasius;imperator;imperator;Chine;F;50;;
1272;ACC0337;EL-B4858;Parnassius;Kailasius;imperator;imperator;Thibet;F;50;;
1273;ACC0338;EL-B4859;Parnassius;Koramius;acdestis;macdonaldi;Inde;M;50;;
1274;ACC0339;EL-B4859;Parnassius;Koramius;acdestis;macdonaldi;Inde;M;50;;
1275;ACC0340;EL-B4860;Parnassius;Koramius;maximinus;-;Ouzbékistan;M;50;;
1276;ACC0341;EL-B4860;Parnassius;Koramius;maximinus;-;Ouzbékistan;M;50;;
1277;ACC0342;EL-B4860;Parnassius;Koramius;maximinus;-;Ouzbékistan;F;50;;
1278;ACC0343;EL-B4860;Parnassius;Koramius;maximinus;-;Ouzbékistan;F;50;;
1279;ACC0344;EL-B4861;Parnassius;Koramius;stenosemus;-;Pakistan;M;50;;
1280;ACC0345;EL-B4862;Parnassius;Koramius;delphius;albulus;Kirghizstan;M;50;;
1281;ACC0346;EL-B4862;Parnassius;Koramius;delphius;albulus;Kirghizstan;M;50;;
1282;ACC0347;EL-B4862;Parnassius;Koramius;delphius;albulus;Kirghizstan;F;50;;
1283;ACC0348;EL-B4862;Parnassius;Koramius;delphius;albulus;Kirghizstan;F;50;;
1284;ACC0349;EL-B4864;Parnassius;Koramius;cardinal;-;Afghanistan;M;50;;
1285;ACC0350;EL-B4864;Parnassius;Koramius;cardinal;-;Ouzbékistan;M;50;;
1286;ACC0351;EL-B4864;Parnassius;Koramius;cardinal;-;Afghanistan;F;50;;
1287;ACC0352;EL-B4864;Parnassius;Koramius;cardinal;-;Afghanistan;F;50;;
1288;ACC0353;EL-B4859;Parnassius;Koramius;patricius;kardacoffi;Kirghizistan;M;50;;
1289;ACC0354;EL-B4863;Parnassius;Koramius;staudingeri;-;Ouzbékistan;M;50;;
1290;ACC0355;EL-B4863;Parnassius;Koramius;staudingeri;-;Ouzbékistan;M;50;;
1291;ACC0356;EL-B4863;Parnassius;Koramius;staudingeri;-;Ouzbékistan;F;50;;
1292;ACC0357;EL-B4863;Parnassius;Koramius;staudingeri;-;Ouzbékistan;F;50;;
1293;ACC0358;EL-B4865;Parnassius;Sachaia;andreji;-;Chine;F;50;;
1294;ACC0359;EL-B4865;Parnassius;Sachaia;simo;simo;Chine;M;50;;
1295;ACC0360;EL-B4865;Parnassius;Sachaia;simo;gylippus;Chine;M;50;;
1296;ACC0361;EL-B4865;Parnassius;Sachaia;simo;colosseus;Pakistan;F;50;;
1297;ACC0362;EL-B4865;Parnassius;Sachaia;simo;albifer;Chine;F;50;;
1298;ACC0363;EL-B4866;Parnassius;Sachaia;simonius;simonius;Turkestan;M;50;;
1299;ACC0364;EL-B4866;Parnassius;Sachaia;simonius;simonius;Turkestan;M;50;;
1300;ACC0365;EL-B4866;Parnassius;Sachaia;simonius;simonius;Turkestan;F;50;;
1301;ACC0366;EL-B4867;Parnassius;Sachaia;tenedius;tenedius;Russie;M;50;;
1302;ACC0367;EL-B4867;Parnassius;Sachaia;tenedius;tenedius;Russie;M;50;;
1303;ACC0368;EL-B4867;Parnassius;Sachaia;tenedius;tenedius;Russie;F;50;;
1304;ACC0369;EL-B4867;Parnassius;Sachaia;tenedius;tenedius;Russie;F;50;;
1305;ACC0370;EL-B4868;Parnassius;Parnassius;actius;actius;Chine;M;50;;
1306;ACC0371;EL-B4868;Parnassius;Parnassius;actius;actius;Chine;M;50;;
1307;ACC0372;EL-B4868;Parnassius;Parnassius;actius;actius;Chine;F;50;;
1308;ACC0373;EL-B4868;Parnassius;Parnassius;actius;actius;Chine;F;50;;
1309;ACC0374;EL-B4869;Parnassius;Parnassius;tianschanicus;tianschanicus;Turkestan;M;50;;
1310;ACC0375;EL-B4869;Parnassius;Parnassius;tianschanicus;tianschanicus;Chine;M;50;;
1311;ACC0376;EL-B4869;Parnassius;Parnassius;tianschanicus;tianschanicus;Turkestan;F;50;;
1312;ACC0377;EL-B4869;Parnassius;Parnassius;tianschanicus;tianschanicus;Turkestan;F;50;;
1313;ACC0378;EL-B4870;Parnassius;Parnassius;epaphus;epaphus;Thibet;M;50;;
1314;ACC0379;EL-B4870;Parnassius;Parnassius;epaphus;epaphus;Thibet;M;50;;
1315;ACC0380;EL-B4870;Parnassius;Parnassius;epaphus;epaphus;Thibet;F;50;;
1316;ACC0381;EL-B4870;Parnassius;Parnassius;epaphus;epaphus;Thibet;F;50;;
1317;ACC0382;EL-B4871;Parnassius;Parnassius;nomion;nomion;Russie;M;50;;
1318;ACC0383;EL-B4871;Parnassius;Parnassius;nomion;nomion;Russie;M;50;;
1319;ACC0384;EL-B4871;Parnassius;Parnassius;nomion;nomion;Russie;F;50;;
1320;ACC0385;EL-B4871;Parnassius;Parnassius;nomion;nomion;Russie;F;50;;
1321;ACC0386;EL-B4872;Parnassius;Parnassius;jacquemontii;himalayensis;Thibet;M;50;;
1322;ACC0387;EL-B4872;Parnassius;Parnassius;jacquemontii;himalayensis;Thibet;M;50;;
1323;ACC0388;EL-B4872;Parnassius;Parnassius;jacquemontii;himalayensis;Inde;F;50;;
1324;ACC0389;EL-B4872;Parnassius;Parnassius;jacquemontii;himalayensis;Thibet;F;50;;
1325;ACC0390;EL-B4873;Parnassius;Parnassius;apollonius;alpinus;Kirghizistan;M;50;;
1326;ACC0391;EL-B4873;Parnassius;Parnassius;apollonius;alpinus;Kirghizistan;M;50;;
1327;ACC0392;EL-B4873;Parnassius;Parnassius;apollonius;alpinus;Kirghizistan;F;50;;
1328;ACC0393;EL-B4873;Parnassius;Parnassius;apollonius;alpinus;Kirghizistan;F;50;;
1329;ACC0394;EL-B4874;Parnassius;Parnassius;honrathi;honrathi;Ouzbékistan;M;50;;
1330;ACC0395;EL-B4874;Parnassius;Parnassius;honrathi;honrathi;Ouzbékistan;M;50;;
1331;ACC0396;EL-B4874;Parnassius;Parnassius;honrathi;honrathi;Ouzbékistan;F;50;;
1332;ACC0397;EL-B4874;Parnassius;Parnassius;honrathi;honrathi;Ouzbékistan;F;50;;
1333;ACC0398;EL-B4875;Parnassius;Parnassius;apollo;apollo;Norvège;M;50;;
1334;ACC0399;EL-B4875;Parnassius;Parnassius;apollo;apollo;Norvège;M;50;;
1335;ACC0400;EL-B4875;Parnassius;Parnassius;apollo;apollo;Suède;F;50;;
1336;ACC0401;EL-B4875;Parnassius;Parnassius;apollo;apollo;Norvège;F;50;;
1337;ACC0402;EL-B4876;Parnassius;Parnassius;behrii;behrii;USA;M;50;;
1338;ACC0403;EL-B4876;Parnassius;Parnassius;behrii;behrii;USA;M;50;;
1339;ACC0404;EL-B4877;Parnassius;Parnassius;phoebus;phoebus;Russie;M;50;;
1340;ACC0405;EL-B4877;Parnassius;Parnassius;phoebus;phoebus;Russie;M;50;;
1341;ACC0406;EL-B4877;Parnassius;Parnassius;phoebus;phoebus;Russie;F;50;;
1342;ACC0407;EL-B4877;Parnassius;Parnassius;phoebus;phoebus;Russie;F;50;;
1343;ACC0408;EL-B4878;Parnassius;Parnassius;smintheus;-;Canada;M;50;;
1344;ACC0409;EL-B4878;Parnassius;Parnassius;smintheus;-;USA;M;50;;
1345;ACC0410;EL-B4878;Parnassius;Parnassius;smintheus;-;Canada;F;50;;
1346;ACC0411;EL-B4878;Parnassius;Parnassius;smintheus;-;Canada;F;50;;
1347;ACC0412;EL-B4879;Parnassius;Parnassius;bremeri;bremeri;Russie;M;50;;
1348;ACC0413;EL-B4879;Parnassius;Parnassius;bremeri;bremeri;Russie;M;50;;
1349;ACC0414;EL-B4879;Parnassius;Parnassius;bremeri;bremeri;Russie;F;50;;
1350;ACC0415;EL-B4879;Parnassius;Parnassius;bremeri;bremeri;Russie;F;50;;
1351;ACC0416;EL-B4880;Parnassius;Parnassius;sacerdos;-;Suisse;M;50;;
1352;ACC0417;EL-B4880;Parnassius;Parnassius;sacerdos;-;Suisse;M;50;;
1353;ACC0418;EL-B4880;Parnassius;Parnassius;sacerdos;-;Suisse;F;50;;
1354;ACC0419;EL-B4880;Parnassius;Parnassius;sacerdos;-;Suisse;F;50;;
1355;ACC0420;EL-B4881;Parnassius;Tadumia;acco;pundjabensis;Thibet;M;50;;
1356;ACC0421;EL-B4881;Parnassius;Tadumia;acco;pundjabensis;Thibet;M;50;;
1357;ACC0422;EL-B4881;Parnassius;Tadumia;acco;pundjabensis;Thibet;F;50;;
1358;ACC0423;EL-B4881;Parnassius;Tadumia;acco;pundjabensis;Thibet;F;50;;
1359;ACC0424;EL-B4881;Parnassius;Tadumia;hannyngtoni;-;Inde;M;50;;
1360;ACC0425;EL-B4881;Parnassius;Tadumia;hannyngtoni;-;Thibet;F;50;;
1361;ACC0426;EL-B4882;Parnassius;Tadumia;szechenyii;szechenyii;Thibet;M;50;;
1362;ACC0427;EL-B4882;Parnassius;Tadumia;szechenyii;szechenyii;Thibet;M;50;;
1363;ACC0428;EL-B4882;Parnassius;Tadumia;szechenyii;szechenyii;Thibet;F;50;;
1364;ACC0429;EL-B4882;Parnassius;Tadumia;szechenyii;szechenyii;Thibet;F;50;;
1365;ACC0430;EL-B4883;Parnassius;Tadumia;hardwickii;hardwickii;Inde;M;50;;
1366;ACC0431;EL-B4883;Parnassius;Tadumia;hardwickii;hardwickii;Inde;M;50;;
1367;ACC0432;EL-B4883;Parnassius;Tadumia;hardwickii;hardwickii;Inde;F;50;;
1368;ACC0433;EL-B4883;Parnassius;Tadumia;hardwickii;hardwickii;Inde;F;50;;
1369;ACC0435;EL-B4884;Papilio;Druryia;antimachus;-;Côte d'Ivoire;F;60;;
